Top 100Rank in all baseball,Org RkRank within team's farm system,NameName,OrgMLB Organization,"PosProjected defensive position or pitching role (Starter, Multi-, or Single-inning Relief)",Current LevelMost recent the level played at or had a transaction to,TrendFV change since last ranking,FVFuture Value (Explanation),ETAProjected year of debut/ loss of prospect eligibility,RiskDistance between ceiling and floor outcomes,AgeCurrent age,HtHeight (feet-inches),WtWeight (pounds),BBats,TThrows,"SignedYear, round, organization",Signed FromSigned From,VideoVideo,ReportScouting report,Sign YrSign Yr,Sign MktSign Mkt,Sign OrgSign Org,BonusBonus,Name_Clean
1,1.0,Yoán Moncada,CHW,INF,MLB,,70,2017,,21.0,"6' 2""",205,S,R,j2 2015,Cuba,,,,,,,yoán moncada
2,1.0,Andrew Benintendi,BOS,OF,MLB,,65,2017,,22.0,"5' 10""",175,L,L,1st rd 2015,Arkansas,,,,,,,andrew benintendi
3,1.0,Amed Rosario,NYM,SS,MLB,,65,2017,,21.0,"6' 2""",170,R,R,J2 2012,Dominican Republic,,,,,,,amed rosario
4,1.0,Dansby Swanson,ATL,SS,MLB,,65,2017,,23.0,"6' 1""",190,R,R,1st rd 2015,Vanderbilt,,,,,,,dansby swanson
5,1.0,Austin Meadows,PIT,OF,,,65,2017,,21.0,"6' 3""",200,L,L,1st rd 2013,Grayson HS (GA),,,,,,,austin meadows
6,1.0,Alex Reyes,StL,RHP,,,65,2017,,22.0,"6' 3""",220,R,R,J2 2012,Dominican Republlic,,,,,,,alex reyes
7,1.0,Gleyber Torres,NYY,SS,MLB,,60,2018,,20.0,"6' 1""",185,R,R,J2 2013,Venezuela,,,,,,,gleyber torres
8,1.0,Victor Robles,WSN,CF,MLB,,60,2019,,19.0,"6' 0""",185,R,R,J2 2013,Dominican Republic,,,,,,,victor robles
9,1.0,J.P. Crawford,PHI,SS,MLB,,60,2017,,22.0,"6' 2""",180,L,R,1st rd 2013,Lakewood HS (CA),,,,,,,j.p. crawford
10,1.0,Anderson Espinoza,SDP,RHP,,,60,2019,,18.0,"6' 0""",170,R,R,J2 2014,Venezuela,,,,,,,anderson espinoza
11,2.0,Ozzie Albies,ATL,2B,MLB,,60,2018,,20.0,"5' 9""",160,S,R,J2 2013,Curacao,,,,,,,ozzie albies
12,1.0,Yadier Alvarez,LAD,RHP,,,60,2019,,20.0,"6' 3""",175,R,R,J2 2015,Cuba,,,,,,,yadier alvarez
13,2.0,Cody Bellinger,LAD,1B,MLB,,60,2017,,21.0,"6' 4""",220,L,L,4th rd 2013,Hamilton HS (AZ),,,,,,,cody bellinger
14,1.0,Brendan Rodgers,COL,SS,AAA,,60,2019,,20.0,"6' 0""",180,R,R,1st rd 2015,Lake Mary HS (FL),,,,,,,brendan rodgers
15,1.0,Eloy Jiménez,CHC,OF,MLB,,60,2019,,20.0,"6' 4""",225,R,R,J2 2013,Dominican Republic,,,,,,,eloy jiménez
16,1.0,Lewis Brinson,MIL,CF,AAA,,60,2017,,22.0,"6' 3""",195,R,R,1st rd 2012,Coral Springs HS (FL),,,,,,,lewis brinson
17,1.0,Willy Adames,TBR,SS,MLB,,60,2018,,21.0,"6' 1""",180,R,R,J2 2012,Dominican Republic,,,,,,,willy adames
18,1.0,Francis Martes,HOU,RHP,,,60,2018,,21.0,"6' 1""",225,R,R,J2 2012,Dominican Republic,,,,,,,francis martes
19,2.0,Lucas Giolito,CHW,RHP,,,60,2017,,22.0,"6' 6""",255,R,R,1st rd 2012,Harvard Westlake (CA),,,,,,,lucas giolito
20,2.0,Corey Ray,MIL,OF,,,60,2018,,22.0,"5' 11""",185,L,L,1st rd 2015,Louisville,,,,,,,corey ray
21,3.0,Michael Kopech,CHW,RHP,,,55,2019,,20.0,"6' 3""",195,R,R,1st rd 2014,Mt Pleasant HS (TX),,,,,,,michael kopech
22,2.0,Rafael Devers,BOS,3B,MLB,,55,2019,,20.0,"6' 0""",200,L,R,J2 2013,Dominican Republic,,,,,,,rafael devers
23,2.0,Manuel Margot,SDP,CF,,,55,2017,,22.0,"5' 11""",180,R,R,J2 2011,Dominican Republic,,,,,,,manuel margot
24,1.0,Vladimir Guerrero Jr.,TOR,3B,MLB,,55,2019,,17.0,"6' 1""",215,R,R,J2 2015,Dominican Republic,,,,,,,vladimir guerrero jr.
25,3.0,Cal Quantrill,SDP,RHP,MLB,,55,2018,,21.0,"6' 3""",195,L,R,1st rd 2016,Stanford,,,,,,,cal quantrill
26,2.0,Tyler Glasnow,PIT,RHP,MLB,,55,2017,,23.0,"6' 8""",220,L,R,5th rd 2011,Hart HS (CA),,,,,,,tyler glasnow
27,2.0,Mickey Moniak,PHI,OF,MLB,,55,2019,,18.0,"6' 2""",185,L,R,1st rd 2016,La Costa Canyon HS (CA),,,,,,,mickey moniak
28,4.0,Reynaldo López,CHW,RHP,MLB,,55,2017,,22.0,"6' 0""",185,R,R,J2 2012,Dominican Republic,,,,,,,reynaldo lópez
29,3.0,Jay Groome,BOS,LHP,,,55,2020,,18.0,"6' 5""",215,L,L,1st rd 2016,Barnegat HS (NJ),,,,,,,jay groome
30,1.0,Nick Senzel,CIN,3B,AAA,,55,2018,,21.0,"6' 1""",205,R,R,1st rd 2016,Tennessee,,,,,,,nick senzel
31,2.0,Riley Pint,COL,RHP,,,55,2020,,19.0,"6' 4""",195,R,R,1st rd 2016,St. Thomas Aquinas HS (KS),,,,,,,riley pint
32,3.0,Jorge Alfaro,PHI,C,AAA,,55,2017,,23.0,"6' 2""",225,R,R,J2 2009,Colombia,,,,,,,jorge alfaro
33,2.0,Delvin Perez,StL,SS,,,55,2021,,18.0,"6' 3""",170,R,R,1st rd 2016,Int'l Baseball (PR),,,,,,,delvin perez
34,2.0,Clint Frazier,NYY,OF,,,55,2017,,22.0,"5' 11""",185,R,R,1st rd 2013,Loganville HS (GA),,,,,,,clint frazier
35,3.0,Ronald Acuña Jr.,ATL,CF,MLB,,55,2020,,19.0,"6' 0""",180,R,R,J2 2014,Venezuela,,,,,,,ronald acuña jr.
36,2.0,Brent Honeywell,TBR,RHP,,,55,2018,,21.0,"6' 2""",180,R,R,2nd rd 2014,Walters St CC,,,,,,,brent honeywell
37,1.0,Francisco Mejía,CLE,C,AAA,,55,2019,,21.0,"5' 10""",175,S,R,J2 2012,Dominican Republic,,,,,,,francisco mejía
38,1.0,Kyle Lewis,SEA,OF,,,55,2019,,21.0,"6' 4""",205,R,R,1st rd 2016,Mercer,,,,,,,kyle lewis
39,2.0,Robert Gsellman,NYM,RHP,AAA,,55,2017,,23.0,"6' 4""",205,R,R,13th rd 2011,Westchester HS (CA),,,,,,,robert gsellman
40,3.0,Blake Rutherford,NYY,OF,MLB,,55,2019,,19.0,"6' 3""",195,L,R,1st rd 2016,Chaminade Prep (CA),,,,,,,blake rutherford
41,4.0,Kolby Allard,ATL,LHP,AAA,,55,2019,,19.0,"6' 1""",175,L,L,1st rd 2015,San Clemente HS (CA),,,,,,,kolby allard
42,3.0,Alex Verdugo,LAD,CF,ST,,55,2017,,20.0,"6' 0""",200,L,L,2nd rd 2014,Sahuaro HS (AZ),,,,,,,alex verdugo
43,4.0,James Kaprielian,NYY,RHP,AAA,,55,2018,,23.0,"6' 4""",200,R,R,1st rd 2015,UCLA,,,,,,,james kaprielian
44,3.0,José De León,TBR,RHP,MLB,,55,2016,,24.0,"6' 2""",190,R,R,24th rd 2013,Southern,,,,,,,josé de león
44,4.0,José De León,LAD,RHP,MLB,,55,2016,,24.0,"6' 2""",190,R,R,24th rd 2013,Southern,,,,,,,josé de león
45,2.0,Bradley Zimmer,CLE,CF,,,55,2018,,23.0,"6' 4""",185,L,R,1st rd 2014,San Francisco,,,,,,,bradley zimmer
46,3.0,Mitch Keller,PIT,RHP,MLB,,55,2019,,20.0,"6' 3""",195,R,R,2nd rd 2014,Xavier HS (IA),,,,,,,mitch keller
47,3.0,Jeff Hoffman,COL,RHP,MLB,,55,2016,,23.0,"6' 5""",225,R,R,1st rd 2014,East Carolina,,,,,,,jeff hoffman
48,5.0,Kevin Maitan,ATL,3B,,,55,2021,,17.0,"6' 2""",190,S,R,J2 2016,Venezuela,,,,,,,kevin maitan
49,1.0,Leody Taveras,TEX,CF,MLB,,55,2020,,18.0,"6' 1""",170,S,R,J2 2015,Dominican Republic,,,,,,,leody taveras
1,1.0,Shohei Ohtani,LAA,RHP,MLB,,70,2018,Low,23.0,"6' 4""",203,L,R,J2 2017,Japan,,,,,,,shohei ohtani
2,1.0,Ronald Acuña Jr.,ATL,CF,MLB,,65,2018,Low,19.0,"6' 0""",180,R,R,J2 2014,Venezuela,,,,,,,ronald acuña jr.
3,1.0,Vladimir Guerrero Jr.,TOR,1B,MLB,,65,2019,Low,18.0,"6' 1""",215,R,R,J2 2015,Dominican Republic,,,,,,,vladimir guerrero jr.
4,1.0,Victor Robles,WSN,CF,MLB,,65,2018,Low,20.0,"6' 0""",185,R,R,J2 2013,Dominican Republic,,,,,,,victor robles
5,1.0,Fernando Tatis Jr.,SDP,3B,MLB,,65,2019,Medium,19.0,"6' 3""",185,R,R,J2 2015,Dominican Republic,,,,,,,fernando tatis jr.
6,1.0,Eloy Jiménez,CHW,RF,MLB,,65,2019,Medium,21.0,"6' 4""",225,R,R,J2 2013,Dominican Republic,,,,,,,eloy jiménez
7,1.0,Nick Senzel,CIN,3B,AAA,,60,2018,Low,22.0,"6' 1""",205,R,R,1st rd 2016,Tennessee,,,,,,,nick senzel
8,1.0,Forrest Whitley,HOU,RHP,,,60,2018,Medium,20.0,"6' 7""",230,R,R,1st rd 2016,Alamo Heights HS (TX),,,,,,,forrest whitley
9,2.0,Bo Bichette,TOR,2B,MLB,,60,2019,Medium,19.0,"6' 0""",200,R,R,2nd rd 2016,Lakewood HS (FL),,,,,,,bo bichette
10,2.0,Kyle Tucker,HOU,RF,MLB,,60,2019,Low,21.0,"6' 4""",200,L,R,1st rd 2015,Plant HS (FL),,,,,,,kyle tucker
11,1.0,Willy Adames,TBR,SS,MLB,,60,2018,Low,22.0,"6' 1""",180,R,R,J2 2012,Dominican Republic,,,,,,,willy adames
12,1.0,Gleyber Torres,NYY,SS,MLB,,60,2018,Low,21.0,"6' 1""",185,R,R,J2 2013,Venezuela,,,,,,,gleyber torres
13,1.0,Lewis Brinson,MIA,CF,AAA,,60,2018,Medium,23.0,"6' 3""",195,R,R,1st rd 2012,Coral Springs HS (FL),,,,,,,lewis brinson
14,2.0,Miguel Andujar,NYY,3B,MLB,,60,2018,Medium,23.0,"6' 0""",175,R,R,J2 2011,Dominican Republic,,,,,,,miguel andujar
15,2.0,Brent Honeywell,TBR,RHP,,,60,2018,Low,22.0,"6' 2""",180,R,R,2nd rd 2014,Walters State JC (TN),,,,,,,brent honeywell
16,1.0,Alex Reyes,STL,RHP,,,60,2018,Medium,23.0,"6' 3""",230,R,R,J2 2012,Dominican Republic,,,,,,,alex reyes
17,1.0,Francisco Mejía,CLE,C/3B,AAA,,60,2019,High,22.0,"5' 10""",175,S,R,J2 2012,Dominican Republic,,,,,,,francisco mejía
18,1.0,Brendan Rodgers,COL,SS,AAA,,60,2019,Medium,21.0,"6' 0""",180,R,R,1st rd 2015,Lake Mary HS (FL),,,,,,,brendan rodgers
19,1.0,Sixto Sánchez,PHI,RHP,AAA,,60,2020,Medium,19.0,"6' 0""",185,R,R,J2 2014,Dominican Republic,,,,,,,sixto sánchez
20,2.0,Michael Kopech,CHW,RHP,,,60,2019,Medium,21.0,"6' 3""",195,R,R,1st rd 2014,Mt. Pleasant HS (TX),,,,,,,michael kopech
21,3.0,Luis Robert Jr.,CHW,CF,MLB,,60,2020,High,20.0,"6' 3""",185,R,R,J2 2017,Cuba,,,,,,,luis robert jr.
22,3.0,Brendan McKay,TBR,LHP/1B,,,60,2019,Medium,22.0,"6' 2""",212,L,L,1st rd 2017,Louisville,,,,,,,brendan mckay
23,1.0,Mitch Keller,PIT,RHP,MLB,,60,2019,Medium,21.0,"6' 3""",195,R,R,2nd rd 2014,Xavier HS (IA),,,,,,,mitch keller
24,1.0,Keston Hiura,MIL,2B,,,55,2019,Medium,21.0,"5' 11""",190,R,R,1st rd 2017,UC Irvine,,,,,,,keston hiura
25,2.0,Scott Kingery,PHI,2B,MLB,,55,2018,Low,23.0,"5' 10""",180,R,R,2nd rd 2015,Arizona,,,,,,,scott kingery
26,2.0,Kyle Wright,ATL,RHP,,,55,2018,Medium,22.0,"6' 4""",200,R,R,1st rd 2017,Vanderbilt,,,,,,,kyle wright
27,1.0,Walker Buehler,LAD,RHP,MLB,,55,2018,Medium,23.0,"6' 2""",175,R,R,1st rd 2015,Vanderbilt,,,,,,,walker buehler
28,2.0,Luis Urías,SDP,2B,AAA,,55,2018,Low,20.0,"5' 9""",160,R,R,J2 2013,Mexico,,,,,,,luis urías
29,3.0,J.P. Crawford,PHI,SS,MLB,,55,2018,Low,23.0,"6' 2""",180,L,R,1st rd 2013,Lakewood HS (CA),,,,,,,j.p. crawford
30,1.0,A.J. Puk,OAK,LHP,MLB,,55,2018,Medium,22.0,"6' 7""",230,L,L,1st rd 2016,Florida,,,,,,,a.j. puk
31,3.0,Luiz Gohara,ATL,LHP,,,55,2018,Medium,20.0,"6' 3""",240,L,L,J2 2012,Brazil,,,,,,,luiz gohara
32,2.0,Franklin Barreto,OAK,CF,ST,,55,2018,Medium,21.0,"5' 9""",190,R,R,J2 2012,Venezuela,,,,,,,franklin barreto
33,3.0,MacKenzie Gore,SDP,LHP,MLB,,55,2020,Medium,18.0,"6' 3""",180,L,L,1st rd 2017,Whiteville HS (NC),,,,,,,mackenzie gore
34,4.0,Michael Soroka,ATL,RHP,MLB,,55,2018,Low,19.0,"6' 4""",210,R,R,1st rd 2015,Bishop Carroll HS (CAN),,,,,,,michael soroka
35,2.0,Corbin Burnes,MIL,RHP,MLB,,55,2019,Medium,23.0,"6' 3""",205,R,R,4th rd 2016,St. Mary's,,,,,,,corbin burnes
36,3.0,Anthony Alford,TOR,CF,AA,,55,2018,Medium,22.0,"6' 1""",215,R,R,3rd rd 2012,Petal HS (MS),,,,,,,anthony alford
37,5.0,Cristian Pache,ATL,CF,AAA,,55,2020,High,18.0,"6' 2""",185,R,R,J2 2015,Dominican Republic,,,,,,,cristian pache
38,1.0,Royce Lewis,MIN,CF,AAA,,55,2020,High,18.0,"6' 2""",188,R,R,1st rd 2017,JSerra HS (CA),,,,,,,royce lewis
39,3.0,Justus Sheffield,NYY,LHP,AAA,,55,2018,Low,21.0,"5' 10""",195,L,L,1st rd 2014,Tullahoma HS (TN),,,,,,,justus sheffield
40,2.0,Carter Kieboom,WSN,3B,AAA,,55,2021,Medium,20.0,"6' 2""",190,R,R,1st rd 2016,Walton HS (GA),,,,,,,carter kieboom
41,4.0,Michel Baez,SDP,RHP,AAA,,55,2020,High,22.0,"6' 8""",220,R,R,J2 2016,Cuba,,,,,,,michel baez
42,2.0,Hunter Greene,CIN,RHP,MLB,,55,2021,High,18.0,"6' 4""",197,R,R,1st rd 2017,Notre Dame HS (CA),,,,,,,hunter greene
43,4.0,Jake Bauers,TBR,RF,MLB,,50,2018,Low,22.0,"6' 1""",200,L,L,7th rd 2013,Marina HS (CA),,,,,,,jake bauers
44,3.0,Yordan Alvarez,HOU,LF,MLB,,50,2020,Medium,20.0,"6' 5""",225,L,L,J2 2017,Cuba,,,,,,,yordan alvarez
45,6.0,Ian Anderson,ATL,RHP,,,50,2020,Medium,18.0,"6' 3""",170,R,R,1st rd 2016,Shenendowa HS (NY),,,,,,,ian anderson
46,1.0,Willie Calhoun,TEX,DH,,,50,2018,Low,23.0,"5' 9""",210,S,R,4th rd 2015,Yavapai JC (AZ),,,,,,,willie calhoun
47,2.0,Austin Meadows,PIT,OF,,,50,2018,Low,22.0,"6' 3""",200,L,L,1st rd 2013,Grayson HS (GA),,,,,,,austin meadows
48,2.0,Alex Verdugo,LAD,RF,ST,,50,2018,Low,21.0,"6' 0""",205,L,L,2nd rd 2014,Sahuaro HS (AZ),,,,,,,alex verdugo
49,5.0,Jesús Sánchez,TBR,RF,MLB,,50,2020,High,20.0,"6' 2""",185,L,R,J2 2014,Dominican Republic,,,,,,,jesús sánchez
50,3.0,Juan Soto,WSN,OF,MLB,,50,2020,Medium,19.0,"6' 1""",190,L,L,J2 2015,Dominican Republic,,,,,,,juan soto
1,1.0,Vladimir Guerrero Jr.,TOR,3B,MLB,,70,2019,Med,21.2,"6' 1""",240,R,R,2015 J2 (TOR),Dominican Republic,,,,,,,vladimir guerrero jr.
2,1.0,Wander Franco,TBR,SS,MLB,,65,2021,High,19.3,"5' 10""",190,S,R,2017 J2 (TBR),Dominican Republic,,,,,,,wander franco
3,1.0,Fernando Tatis Jr.,SDP,SS,MLB,,65,2019,High,21.4,"6' 3""",185,R,R,2015 J2 (CHW),Dominican Republic,,,,,,,fernando tatis jr.
4,1.0,Forrest Whitley,HOU,RHP,,,65,2019,High,22.7,"6' 7""",225,R,R,2016 Draft Rnd 1 (HOU),Alamo Heights HS (TX),,,,,,,forrest whitley
5,1.0,Victor Robles,WSN,CF,MLB,,65,2019,Low,23.1,"6' 0""",185,R,R,2013 J2 (WSN),Dominican Republic,,,,,,,victor robles
6,1.0,Royce Lewis,MIN,SS,AAA,,65,2020,High,21.0,"6' 2""",188,R,R,2017 Draft Rnd 1 (MIN),JSerra HS (CA),,,,,,,royce lewis
7,1.0,Nick Senzel,CIN,3B,AAA,,60,2019,Med,25.0,"6' 1""",205,R,R,2016 Draft Rnd 1 (CIN),Tennessee,,,,,,,nick senzel
8,1.0,Eloy Jiménez,CHW,RF,MLB,,60,2019,High,23.5,"6' 4""",225,R,R,2013 J2 (CHC),Dominican Republic,,,,,,,eloy jiménez
9,2.0,Bo Bichette,TOR,SS,MLB,,60,2020,High,22.3,"6' 0""",200,R,R,2016 Draft Rnd 2 (TOR),Lakewood HS (FL),,,,,,,bo bichette
10,2.0,Kyle Tucker,HOU,RF,MLB,,60,2019,Med,23.4,"6' 4""",200,L,R,2015 Draft Rnd 1 (HOU),Plant HS (FL),,,,,,,kyle tucker
11,1.0,Jo Adell,LAA,RF,MLB,,60,2021,High,21.2,"6' 3""",215,R,R,2017 Draft Rnd 1 (LAA),Ballard HS (KY),,,,,,,jo adell
12,2.0,Taylor Trammell,CIN,LF,MLB,,60,2021,Med,22.7,"6' 2""",195,L,L,2016 Draft Rnd 1 (CIN),Mount Paran HS (GA),,,,,,,taylor trammell
13,1.0,Keston Hiura,MIL,2B,,,60,2019,Low,23.9,"5' 11""",190,R,R,2017 Draft Rnd 1 (MIL),UC Irvine,,,,,,,keston hiura
14,2.0,Brendan McKay,TBR,LHP/1B,,,60,2019,High,24.5,"6' 2""",212,L,L,2017 Draft Rnd 1 (TBR),Louisville,,,,,,,brendan mckay
15,1.0,Keibert Ruiz,LAD,C,MLB,,60,2020,High,21.9,"6' 0""",200,S,R,2014 J2 (LAD),Venezuela,,,,,,,keibert ruiz
16,2.0,Alex Kirilloff,MIN,RF,,,60,2020,High,22.6,"6' 2""",195,L,L,2016 Draft Rnd 1 (MIN),Plum HS (PA),,,,,,,alex kirilloff
17,1.0,Sixto Sánchez,MIA,RHP,AAA,,60,2020,High,21.9,"6' 0""",185,R,R,2014 J2 (PHI),Dominican Republic,,,,,,,sixto sánchez
18,2.0,Carter Kieboom,WSN,SS,AAA,,60,2020,Med,22.8,"6' 2""",190,R,R,2016 Draft Rnd 1 (WSN),Walton HS (GA),,,,,,,carter kieboom
19,1.0,Cristian Pache,ATL,CF,AAA,,55,2021,Med,21.6,"6' 2""",185,R,R,2015 J2 (ATL),Dominican Republic,,,,,,,cristian pache
20,1.0,Ke'Bryan Hayes,PIT,3B,MLB,,55,2020,Med,23.4,"6' 1""",210,R,R,2015 Draft Rnd 1 (PIT),Concordia Lutheran HS (TX),,,,,,,ke'bryan hayes
21,2.0,Dustin May,LAD,RHP,MLB,,55,2020,High,22.8,"6' 6""",180,R,R,2016 Draft Rnd 3 (LAD),Northwest HS (TX),,,,,,,dustin may
22,2.0,MacKenzie Gore,SDP,LHP,MLB,,55,2021,High,21.3,"6' 3""",180,L,L,2017 Draft Rnd 1 (SDP),Whiteville HS (NC),,,,,,,mackenzie gore
23,3.0,Gavin Lux,LAD,2B,AAA,,55,2021,High,22.6,"6' 2""",190,L,R,2016 Draft Rnd 1 (LAD),Indian Trail Academy HS (WI),,,,,,,gavin lux
24,3.0,Luis Urías,SDP,2B,AAA,,55,2019,Med,23.0,"5' 9""",160,R,R,2013 J2 (SDP),Mexico,,,,,,,luis urías
25,3.0,Brent Honeywell,TBR,RHP,,,55,2019,High,25.2,"6' 2""",180,R,R,2014 Draft Rnd 2 (TBR),Walters State JC (TN),,,,,,,brent honeywell
26,4.0,Vidal Bruján,TBR,2B,AAA,,55,2021,Med,22.3,"5' 9""",155,S,R,2014 J2 (TBR),Dominican Republic,,,,,,,vidal bruján
27,1.0,Jesús Luzardo,OAK,LHP,MLB,,55,2019,Med,22.7,"5' 11""",209,L,L,2016 Draft Rnd 3 (WAS),Stoneman Douglas HS (FL),,,,,,,jesús luzardo
28,1.0,Brendan Rodgers,COL,SS,AAA,,55,2019,Med,23.8,"6' 0""",180,R,R,2015 Draft Rnd 1 (COL),Lake Mary HS (FL),,,,,,,brendan rodgers
29,2.0,Michael Kopech,CHW,RHP,,,55,2019,High,24.1,"6' 3""",195,R,R,2014 Draft Rnd 1 (BOS),Mt. Pleasant HS (TX),,,,,,,michael kopech
30,1.0,Casey Mize,DET,RHP,MLB,,55,2019,Med,23.1,"6' 3""",208,R,R,2018 Draft Rnd 1 (DET),Auburn,,,,,,,casey mize
31,1.0,Jazz Chisholm Jr.,ARI,SS,MLB,,55,2022,High,22.4,"5' 11""",165,L,R,2015 J2 (ARI),Bahamas,,,,,,,jazz chisholm jr.
32,3.0,Nick Madrigal,CHW,2B,AAA,,55,2020,Low,23.2,"5' 7""",160,R,R,2018 Draft Rnd 1 (CHW),Oregon State,,,,,,,nick madrigal
33,2.0,Austin Riley,ATL,3B,MLB,,55,2019,Med,23.2,"6' 2""",220,R,R,2015 Draft Rnd 1 (ATL),DeSoto Central HS (MS),,,,,,,austin riley
34,4.0,Chris Paddack,SDP,RHP,MLB,,55,2019,High,24.4,"6' 4""",195,R,R,2015 Draft Rnd 8 (MIA),Cedar Park HS (TX),,,,,,,chris paddack
35,2.0,Sean Murphy,OAK,C,A+,,55,2019,High,25.7,"6' 3""",215,R,R,2016 Draft Rnd 3 (OAK),Wright State,,,,,,,sean murphy
36,3.0,Michael Soroka,ATL,RHP,MLB,,55,2019,Med,22.9,"6' 4""",210,R,R,2015 Draft Rnd 1 (ATL),Bishop Carroll HS (CAN),,,,,,,michael soroka
37,2.0,Mitch Keller,PIT,RHP,MLB,,55,2019,Med,24.2,"6' 3""",195,R,R,2014 Draft Rnd 2 (PIT),Xavier HS (IA),,,,,,,mitch keller
38,4.0,Ian Anderson,ATL,RHP,,,55,2020,Med,22.1,"6' 3""",170,R,R,2016 Draft Rnd 1 (ATL),Shenendowa HS (NY),,,,,,,ian anderson
39,5.0,Kyle Wright,ATL,RHP,AAA,,55,2020,Med,24.7,"6' 4""",200,R,R,2017 Draft Rnd 1 (ATL),Vanderbilt,,,,,,,kyle wright
40,3.0,A.J. Puk,OAK,LHP,MLB,,55,2019,High,25.1,"6' 7""",230,L,L,2016 Draft Rnd 1 (OAK),Florida,,,,,,,a.j. puk
41,1.0,Joey Bart,SFG,C,MLB,,55,2020,Med,23.5,"6' 3""",225,R,R,2018 Draft Rnd 1 (SFG),Georgia Tech,,,,,,,joey bart
42,5.0,Luis Patiño,SDP,RHP,,,55,2023,High,20.6,"6' 0""",150,R,R,2016 J2 (SDP),Colombia,,,,,,,luis patiño
43,4.0,Luis Robert Jr.,CHW,CF,MLB,,55,2020,High,22.9,"6' 3""",185,R,R,2017 J2 (CHW),Cuba,,,,,,,luis robert jr.
44,1.0,Adonis Medina,PHI,RHP,,,55,2020,Med,23.5,"6' 1""",185,R,R,2013 J2 (PHI),Dominican Republic,,,,,,,adonis medina
45,1.0,Alex Reyes,STL,RHP,,,55,2019,High,25.8,"6' 3""",230,R,R,2012 J2 (STL),Dominican Republic,,,,,,,alex reyes
46,5.0,Brandon Lowe,TBR,2B,MLB,,50,2019,Med,25.9,"6' 0""",185,L,R,2015 Draft Rnd 3 (TBR),Maryland,,,,,,,brandon lowe
47,3.0,Danny Jansen,TOR,C,MLB,,50,2019,Med,25.2,"6' 2""",225,R,R,2013 Draft Rnd 16 (TOR),West HS (WI),,,,,,,danny jansen
48,1.0,Pete Alonso,NYM,1B,MLB,,50,2019,Med,25.5,"6' 2""",225,R,R,2016 Draft Rnd 2 (NYM),Florida,,,,,,,pete alonso
49,6.0,Drew Waters,ATL,CF,AAA,,50,2021,High,21.4,"6' 2""",183,S,R,2017 Draft Rnd 2 (ATL),Etowah HS (GA),,,,,,,drew waters
50,3.0,Corbin Martin,HOU,RHP,MLB,,50,2019,Med,24.5,"6' 2""",200,R,R,2017 Draft Rnd 2 (HOU),Texas A&M,,,,,,,corbin martin
1,1.0,Wander Franco,TBR,SS,MLB,,80,2021,,19.8,"5' 10""",190,S,R,,Dominican Republic,,,,,,,wander franco
2,1.0,Gavin Lux,LAD,2B,AAA,,70,2020,,23.1,"6' 2""",190,L,R,,Indian Trail Academy HS (WI),,,,,,,gavin lux
3,1.0,MacKenzie Gore,SDP,LHP,MLB,,70,2021,,21.8,"6' 3""",195,L,L,,Whiteville HS (NC),,,,,,,mackenzie gore
4,1.0,Jo Adell,LAA,LF,MLB,,65,2021,,21.7,"6' 3""",215,R,R,,Ballard HS (KY),,,,,,,jo adell
5,1.0,Adley Rutschman,BAL,C,MLB,,60,2021,,22.9,"6' 2""",216,S,R,,Oregon State,,,,,,,adley rutschman
6,1.0,Jesús Luzardo,OAK,LHP,MLB,,60,2020,,23.2,"5' 11""",209,L,L,,Stoneman Douglas HS (FL),,,,,,,jesús luzardo
7,1.0,Luis Robert Jr.,CHW,CF,MLB,,60,2020,,23.4,"6' 3""",190,R,R,,Cuba,,,,,,,luis robert jr.
8,1.0,Nate Pearson,TOR,RHP,MLB,,60,2020,,24.3,"6' 6""",245,R,R,,Central Florida JC (FL),,,,,,,nate pearson
9,1.0,Julio Rodríguez,SEA,RF,MLB,,60,2022,,20.0,"6' 3""",225,R,R,,Dominican Republic,,,,,,,julio rodríguez
10,1.0,Joey Bart,SFG,C,MLB,,60,2021,,22.9,"6' 3""",235,R,R,,Georgia Tech,,,,,,,joey bart
11,2.0,Jarred Kelenic,SEA,CF,AAA,,60,2021,,21.4,"6' 1""",196,L,L,,Waukesha West HS (WI),,,,,,,jarred kelenic
12,1.0,Matt Manning,DET,RHP,,,60,2021,,22.9,"6' 6""",215,R,R,,Sheldon HS (CA),,,,,,,matt manning
13,1.0,Royce Lewis,MIN,CF,AAA,,60,2022,,21.5,"6' 2""",200,R,R,,JSerra HS (CA),,,,,,,royce lewis
14,2.0,Dustin May,LAD,RHP,MLB,,60,2020,,23.3,"6' 6""",180,R,R,,Northwest HS (TX),,,,,,,dustin may
15,1.0,Forrest Whitley,HOU,RHP,,,60,2020,,23.2,"6' 7""",225,R,R,,Alamo Heights HS (TX),,,,,,,forrest whitley
16,2.0,Casey Mize,DET,RHP,MLB,,60,2020,,23.6,"6' 3""",208,R,R,,Auburn,,,,,,,casey mize
17,2.0,Brendan McKay,TBR,LHP,,,60,2020,,25.0,"6' 2""",212,L,L,,Louisville,,,,,,,brendan mckay
18,2.0,Luis Patiño,SDP,RHP,,,60,2020,,21.1,"6' 0""",192,R,R,,Colombia,,,,,,,luis patiño
19,2.0,Michael Kopech,CHW,RHP,,,60,2020,,24.6,"6' 3""",205,R,R,,Mt. Pleasant HS (TX),,,,,,,michael kopech
20,1.0,Cristian Pache,ATL,CF,AAA,,60,2021,,21.2,"6' 2""",185,R,R,,Dominican Republic,,,,,,,cristian pache
21,1.0,Carter Kieboom,WSN,SS,AAA,,60,2020,,23.3,"6' 2""",190,R,R,,Walton HS (GA),,,,,,,carter kieboom
22,3.0,CJ Abrams,SDP,CF,MLB,,55,2023,,20.2,"6' 2""",182,L,R,,Blessed Trinity HS (GA),,,,,,,cj abrams
23,1.0,Bobby Witt Jr.,KCR,SS,MLB,,55,2023,,20.5,"6' 1""",185,R,R,,Coleyville Heritage HS (TX),,,,,,,bobby witt jr.
24,2.0,Marco Luciano,SFG,SS,AA,,55,2023,,18.1,"6' 2""",180,R,R,,Dominican Republic,,,,,,,marco luciano
25,2.0,A.J. Puk,OAK,LHP,MLB,,55,2020,,25.6,"6' 7""",230,L,L,,Florida,,,,,,,a.j. puk
26,1.0,Spencer Howard,PHI,RHP,,,55,2020,,24.4,"6' 3""",205,R,R,,Cal Poly,,,,,,,spencer howard
27,3.0,Vidal Bruján,TBR,2B,AAA,,55,2021,,22.8,"5' 9""",155,S,R,,Dominican Republic,,,,,,,vidal bruján
28,1.0,Kristian Robinson,ARI,CF,AAA,,55,2022,,20.0,"6' 3""",210,R,R,,Bahamas,,,,,,,kristian robinson
29,2.0,Grayson Rodriguez,BAL,RHP,MLB,,55,2023,,21.1,"6' 5""",230,L,R,,Central Heights HS (TX),,,,,,,grayson rodriguez
30,1.0,Ke'Bryan Hayes,PIT,3B,MLB,,55,2020,,23.9,"6' 1""",210,R,R,,Concordia Lutheran HS (TX),,,,,,,ke'bryan hayes
31,1.0,Brendan Rodgers,COL,2B,AAA,,55,2020,,24.3,"6' 0""",180,R,R,,Lake Mary HS (FL),,,,,,,brendan rodgers
32,2.0,Oneil Cruz,PIT,SS,MLB,,55,2021,,22.2,"6' 7""",175,L,R,,Dominican Republic,,,,,,,oneil cruz
33,1.0,Jazz Chisholm Jr.,MIA,SS,MLB,,55,2021,,22.9,"5' 11""",165,L,R,,Bahamas,,,,,,,jazz chisholm jr.
34,3.0,Mitch Keller,PIT,RHP,MLB,,55,2020,,24.7,"6' 3""",210,R,R,,Xavier HS (IA),,,,,,,mitch keller
35,1.0,Ronny Mauricio,NYM,SS,AAA,,55,2023,,19.7,"6' 3""",166,S,R,,Dominican Republic,,,,,,,ronny mauricio
36,2.0,Brandon Marsh,LAA,CF,MLB,,55,2020,,23.0,"6' 2""",200,L,R,,Buford HS (GA),,,,,,,brandon marsh
37,3.0,Andrew Vaughn,CHW,1B,MLB,,55,2021,,22.7,"5' 11""",210,R,R,,Cal,,,,,,,andrew vaughn
38,1.0,Nolan Gorman,STL,3B,MLB,,55,2021,,20.6,"6' 1""",215,L,R,,O'Connor HS (AZ),,,,,,,nolan gorman
39,2.0,Dylan Carlson,STL,LF,AAA,,55,2020,,22.1,"6' 3""",210,S,L,,Elk Grove HS (CA),,,,,,,dylan carlson
40,4.0,Luis Campusano,SDP,C,MLB,,55,2022,,22.2,"6' 0""",195,R,R,,Cross Creek HS (GA),,,,,,,luis campusano
41,4.0,Nick Madrigal,CHW,2B,AAA,,55,2020,,23.7,"5' 7""",165,R,R,,Oregon State,,,,,,,nick madrigal
42,1.0,Deivi García,NYY,RHP,,,55,2020,,21.6,"5' 10""",163,R,R,,Dominican Republic,,,,,,,deivi garcía
43,2.0,Drew Waters,ATL,CF,AAA,,55,2021,,21.1,"6' 2""",183,S,R,,Etowah HS (GA),,,,,,,drew waters
44,3.0,Ian Anderson,ATL,RHP,,,55,2020,,21.7,"6' 3""",170,R,R,,Shenendowa HS (NY),,,,,,,ian anderson
45,3.0,Logan Gilbert,SEA,RHP,MLB,,55,2021,,23.6,"6' 5""",195,R,R,,Stetson,,,,,,,logan gilbert
46,1.0,Nico Hoerner,CHC,2B,MLB,,50,2020,,23.6,"5' 11""",200,R,R,,Stanford,,,,,,,nico hoerner
47,1.0,Jeter Downs,BOS,2B,,,50,2022,,22.4,"5' 11""",180,R,R,,Monsignor Pace HS (FL),,,,,,,jeter downs
48,2.0,Sixto Sánchez,MIA,RHP,AAA,,50,2020,,22.4,"6' 0""",200,R,R,,Dominican Republic,,,,,,,sixto sánchez
49,2.0,Jasson Dominguez,NYY,CF,,,50,2025,,17.9,"5' 11""",194,S,R,,Dominican Republic,,,,,,,jasson dominguez
50,2.0,Brennen Davis,CHC,CF,AAA,,50,2023,,21.1,"6' 4""",175,R,R,,Basha HS (AZ),,,,,,,brennen davis
1,1.0,Wander Franco,TBR,SS,MLB,,80,2022,Med,20.3,"5' 10""",190,S,R,,Dominican Republic,,,2017.0,J2,TBR,$3.8M,wander franco
2,1.0,Adley Rutschman,BAL,C,MLB,,65,2021,Med,23.3,"6' 2""",220,S,R,,Oregon State,,,2019.0,Draft,BAL,$8.1M,adley rutschman
3,2.0,Randy Arozarena,TBR,LF,MLB,,60,2021,Low,26.3,"5' 11""",200,R,R,,Cuba,,,2016.0,J2,STL,$1.3M,randy arozarena
4,1.0,Jarred Kelenic,SEA,RF,AAA,,60,2021,Med,21.9,"6' 1""",190,L,L,,Waukesha West HS (WI),,,2018.0,Draft,NYM,$4.5M,jarred kelenic
5,1.0,CJ Abrams,SDP,2B,MLB,,60,2023,High,20.7,"6' 2""",185,L,R,,Blessed Trinity HS (GA),,,2019.0,Draft,SDP,$5.2M,cj abrams
6,1.0,Ke'Bryan Hayes,PIT,3B,MLB,,60,2021,Low,24.3,"6' 1""",210,R,R,,Concordia Lutheran HS (TX),,,2015.0,Draft,PIT,$1.8M,ke'bryan hayes
7,1.0,Spencer Torkelson,DET,1B,MLB,,60,2022,Med,21.8,"6' 1""",230,R,R,,Arizona State,,,2020.0,Draft,DET,$8.4M,spencer torkelson
8,1.0,Marco Luciano,SFG,SS,AA,,60,2023,High,19.6,"6' 2""",208,R,R,,Dominican Republic,,,2018.0,J2,SFG,$2.6M,marco luciano
9,1.0,Nate Pearson,TOR,SP,MLB,,60,2021,High,24.8,"6' 6""",245,R,R,,Central Florida JC (FL),,,2017.0,Draft,TOR,$2.5M,nate pearson
10,1.0,Cristian Pache,ATL,CF,AAA,,60,2021,Med,22.5,"6' 2""",215,R,R,,Dominican Republic,,,2015.0,J2,ATL,$1.4M,cristian pache
11,3.0,Luis Patiño,TBR,SP,,,60,2021,High,21.6,"6' 0""",192,R,R,,Colombia,,,2016.0,J2,SDP,$120k,luis patiño
12,2.0,Ian Anderson,ATL,SP,,,60,2021,Med,23.1,"6' 3""",170,R,R,,Shenendowa HS (NY),,,2016.0,Draft,ATL,$4.0M,ian anderson
13,1.0,Andrew Vaughn,CHW,1B,MLB,,60,2021,Low,23.2,"5' 11""",215,R,R,,Cal,,,2019.0,Draft,CHW,$7.2M,andrew vaughn
14,1.0,Brandon Marsh,LAA,CF,MLB,,60,2021,Med,23.5,"6' 2""",215,L,R,,Buford HS (GA),,,2016.0,Draft,LAA,$1.1M,brandon marsh
15,1.0,Dylan Carlson,STL,LF,AAA,,60,2021,Med,22.6,"6' 3""",210,S,L,,Elk Grove HS (CA),,,2016.0,Draft,STL,$1.4M,dylan carlson
16,1.0,Alex Kirilloff,MIN,RF,,,60,2021,Med,23.6,"6' 2""",210,L,L,,Plum HS (PA),,,2016.0,Draft,MIN,$2.8M,alex kirilloff
17,1.0,Bobby Witt Jr.,KCR,SS,MLB,,60,2022,High,21.0,"6' 1""",205,R,R,,Coleyville Heritage HS (TX),,,2019.0,Draft,KCR,$7.8M,bobby witt jr.
18,2.0,Julio Rodríguez,SEA,RF,MLB,,60,2022,High,20.4,"6' 3""",210,R,R,,Dominican Republic,,,2017.0,J2,SEA,$1.8M,julio rodríguez
19,2.0,Matt Manning,DET,SP,,,60,2021,High,23.3,"6' 6""",215,R,R,,Sheldon HS (CA),,,2016.0,Draft,DET,$3.5M,matt manning
20,3.0,Riley Greene,DET,RF,MLB,,60,2022,Med,20.7,"6' 3""",200,L,L,,Hagerty HS (FL),,,2019.0,Draft,DET,$6.2M,riley greene
21,1.0,Corbin Carroll,ARI,CF,MLB,,60,2023,Med,20.8,"5' 10""",165,L,L,,Lakeside HS (WA),,,2019.0,Draft,ARI,$3.7M,corbin carroll
22,4.0,Tarik Skubal,DET,SP,MLB,,60,2021,High,24.5,"6' 3""",215,L,L,,Seattle,,,2018.0,Draft,DET,$350k,tarik skubal
23,4.0,Vidal Bruján,TBR,2B,AAA,,60,2021,High,23.3,"5' 9""",189,S,R,,Dominican Republic,,,2014.0,J2,TBR,$15k,vidal bruján
24,2.0,Asa Lacy,KCR,SP,AA,,55,2022,High,22.0,"6' 4""",215,L,L,,Texas A&M,,,2020.0,Draft,KCR,$6.7M,asa lacy
25,1.0,Max Meyer,MIA,SP,MLB,,55,2021,High,22.2,"6' 0""",196,R,R,,Minnesota,,,2020.0,Draft,MIA,$6.7M,max meyer
26,2.0,Luis Campusano,SDP,C,MLB,,55,2022,High,22.7,"6' 0""",232,R,R,,Cross Creek HS (GA),,,2017.0,Draft,SDP,$1.3M,luis campusano
27,1.0,Josiah Gray,LAD,SP,MLB,,55,2022,Med,23.4,"6' 1""",190,R,R,,LeMoyne,,,2018.0,Draft,CIN,$773k,josiah gray
28,2.0,Grayson Rodriguez,BAL,SP,MLB,,55,2023,High,21.5,"6' 5""",230,L,R,,Central Heights HS (TX),,,2018.0,Draft,BAL,$4.3M,grayson rodriguez
29,1.0,Francisco Alvarez,NYM,C,MLB,,55,2023,High,19.5,"5' 11""",220,R,R,,Venezuela,,,2018.0,J2,NYM,$2.7M,francisco alvarez
30,5.0,Casey Mize,DET,SP,MLB,,55,2021,Med,24.1,"6' 3""",220,R,R,,Auburn,,,2018.0,Draft,DET,$7.5M,casey mize
31,2.0,Michael Kopech,CHW,SP,,,55,2021,Med,25.1,"6' 3""",225,R,R,,Mt. Pleasant HS (TX),,,2014.0,Draft,BOS,$1.6M,michael kopech
32,3.0,DL Hall,BAL,MIRP,MLB,,55,2022,High,22.7,"6' 0""",195,L,L,,Valdosta HS (GA),,,2017.0,Draft,BAL,$3.0M,dl hall
33,3.0,MacKenzie Gore,SDP,SP,MLB,,55,2021,Med,22.3,"6' 3""",197,L,L,,Whiteville HS (NC),,,2017.0,Draft,SDP,$6.7M,mackenzie gore
34,2.0,Trevor Larnach,MIN,RF,MLB,,55,2021,Med,24.3,"6' 4""",223,L,R,,Oregon State,,,2018.0,Draft,MIN,$2.6M,trevor larnach
35,3.0,Logan Gilbert,SEA,SP,MLB,,55,2021,Med,24.1,"6' 5""",225,R,R,,Stetson,,,2018.0,Draft,SEA,$3.9M,logan gilbert
36,3.0,Nick Madrigal,CHW,2B,AAA,,55,2021,Low,24.2,"5' 7""",165,R,R,,Oregon State,,,2018.0,Draft,CHW,$6.4M,nick madrigal
37,2.0,Nolan Gorman,STL,3B,MLB,,55,2022,High,21.1,"6' 1""",215,L,R,,O'Connor HS (AZ),,,2018.0,Draft,STL,$3.2M,nolan gorman
38,1.0,Brennen Davis,CHC,CF,AAA,,55,2023,High,21.6,"6' 4""",210,R,R,,Basha HS (AZ),,,2018.0,Draft,CHC,$1.1M,brennen davis
39,2.0,Sixto Sánchez,MIA,SP,AAA,,55,2021,High,22.8,"6' 0""",234,R,R,,Dominican Republic,,,2014.0,J2,PHI,$35k,sixto sánchez
40,2.0,Austin Martin,TOR,CF,MLB,,55,2022,Med,22.2,"6' 0""",185,R,R,,Vanderbilt,,,2020.0,Draft,TOR,$7.0M,austin martin
41,2.0,Alek Thomas,ARI,LF,MLB,,55,2022,Med,21.1,"5' 11""",175,L,L,,Mount Carmel HS (IL),,,2018.0,Draft,ARI,$1.2M,alek thomas
42,1.0,Triston Casas,BOS,1B,MLB,,55,2023,Med,21.4,"6' 4""",252,L,R,,American Heritage HS (FL),,,2018.0,Draft,BOS,$2.6M,triston casas
43,3.0,Jazz Chisholm Jr.,MIA,SS,MLB,,55,2021,High,23.3,"5' 11""",184,L,R,,Bahamas,,,2015.0,J2,ARI,$200k,jazz chisholm jr.
44,4.0,Noelvi Marte,SEA,SS,AAA,,55,2023,High,19.6,"6' 1""",190,R,R,,Dominican Republic,,,2018.0,J2,SEA,$1.6M,noelvi marte
45,2.0,Ronny Mauricio,NYM,SS,AAA,,55,2023,High,20.2,"6' 3""",215,S,R,,Dominican Republic,,,2017.0,J2,NYM,$2.1M,ronny mauricio
46,1.0,José Barrero,CIN,SS,AAA,,55,2021,High,23.2,"6' 2""",180,R,R,,Cuba,,,2016.0,J2,CIN,$5.0M,josé barrero
47,3.0,Royce Lewis,MIN,SS,AAA,,55,2022,High,22.0,"6' 2""",200,R,R,,JSerra HS (CA),,,2017.0,Draft,MIN,$6.7M,royce lewis
48,3.0,Drew Waters,ATL,CF,AAA,,55,2022,High,22.4,"6' 2""",183,S,R,,Etowah HS (GA),,,2017.0,Draft,ATL,$1.5M,drew waters
49,1.0,Jasson Domínguez,NYY,CF,AAA,,50,2025,High,18.3,"5' 11""",215,S,R,,Dominican Republic,,,2019.0,J2,NYY,$5.1M,jasson domínguez
50,2.0,Jeter Downs,BOS,2B,,,50,2022,Med,22.8,"5' 11""",195,R,R,,Monsignor Pace HS (FL),,,2017.0,Draft,CIN,$1.8M,jeter downs
1,1.0,Adley Rutschman,BAL,C,MLB,,70,2022,Med,24.5,"6' 2""",220,S,R,,Oregon State,,,2019.0,Draft,BAL,$8.1M,adley rutschman
2,1.0,Bobby Witt Jr.,KCR,SS,MLB,,65,2022,Med,22.1,"6' 1""",205,R,R,,Coleyville Heritage HS (TX),,,2019.0,Draft,KCR,$7.8M,bobby witt jr.
3,1.0,Julio Rodríguez,SEA,CF,MLB,,65,2022,High,21.6,"6' 3""",228,R,R,,Dominican Republic,,,2017.0,J2,SEA,$1.8M,julio rodríguez
4,1.0,Spencer Torkelson,DET,1B,MLB,,60,2022,Med,22.9,"6' 1""",230,R,R,,Arizona State,,,2020.0,Draft,DET,$8.4M,spencer torkelson
5,2.0,Riley Greene,DET,RF,MLB,,60,2022,Med,21.8,"6' 3""",200,L,L,,Hagerty HS (FL),,,2019.0,Draft,DET,$6.2M,riley greene
6,1.0,Francisco Alvarez,NYM,C,MLB,,60,2023,High,20.7,"5' 10""",233,R,R,,Venezuela,,,2018.0,J2,NYM,$2.7M,francisco alvarez
7,1.0,Oneil Cruz,PIT,SS,MLB,,60,2022,High,23.8,"6' 7""",220,L,R,,Dominican Republic,,,2015.0,J2,LAD,$950k,oneil cruz
8,1.0,Gabriel Moreno,TOR,C,MLB,,60,2022,Med,22.5,"5' 11""",210,R,R,,Venezuela,,,2016.0,J2,TOR,$25k,gabriel moreno
9,1.0,Corbin Carroll,ARI,CF,MLB,,60,2023,Med,21.9,"5' 10""",165,L,L,,Lakeside HS (WA),,,2019.0,Draft,ARI,$3.7M,corbin carroll
10,1.0,Shane Baz,TBR,SP,MLB,,60,2022,Med,23.1,"6' 2""",190,R,R,,Concordia Lutheran HS (TX),,,2017.0,Draft,PIT,$4.1M,shane baz
11,1.0,Eury Pérez,MIA,SP,MLB,,60,2025,High,19.3,"6' 9""",220,R,R,,Dominican Republic,,,2019.0,J2,MIA,$200k,eury pérez
12,1.0,Daniel Espino,CLE,SP,AAA,,60,2023,Med,21.6,"6' 2""",215,R,R,,Premier Academy HS (GA),,,2019.0,Draft,CLE,$2.5M,daniel espino
13,2.0,Grayson Rodriguez,BAL,SP,MLB,,60,2023,High,22.7,"6' 5""",220,L,R,,Central Heights HS (TX),,,2018.0,Draft,BAL,$4.3M,grayson rodriguez
14,1.0,Anthony Volpe,NYY,SS,AA,,60,2024,Low,21.3,"5' 11""",180,R,R,,Delbarton HS (NJ),,,2019.0,Draft,NYY,$2.7M,anthony volpe
15,2.0,Noelvi Marte,SEA,SS,AAA,,60,2024,High,20.8,"6' 1""",195,R,R,,Dominican Republic,,,2018.0,J2,SEA,$1.6M,noelvi marte
16,1.0,CJ Abrams,SDP,2B,MLB,,60,2022,High,21.8,"6' 2""",185,L,R,,Blessed Trinity HS (GA),,,2019.0,Draft,SDP,$5.2M,cj abrams
17,1.0,Josh Jung,TEX,3B,MLB,,60,2023,Low,24.5,"6' 2""",215,R,R,,Texas Tech,,,2019.0,Draft,TEX,$4.4M,josh jung
18,1.0,Jordan Walker,STL,3B,MLB,,60,2024,High,20.2,"6' 5""",220,R,R,,Decatur HS (GA),,,2020.0,Draft,STL,$2.9M,jordan walker
19,1.0,Triston Casas,BOS,1B,MLB,,55,2023,Low,22.5,"6' 4""",252,L,R,,American Heritage HS (FL),,,2018.0,Draft,BOS,$2.6M,triston casas
20,1.0,Marco Luciano,SFG,SS,AA,,55,2024,High,20.8,"6' 2""",208,R,R,,Dominican Republic,,,2018.0,J2,SFG,$2.6M,marco luciano
21,2.0,Marcelo Mayer,BOS,SS,MLB,,55,2025,High,19.6,"6' 3""",188,L,R,,Eastlake HS (CA),,,2021.0,Draft,BOS,$6.7M,marcelo mayer
22,3.0,Gunnar Henderson,BAL,3B,MLB,,55,2024,Med,21.1,"6' 2""",210,L,R,,Morgan Academy HS (AL),,,2019.0,Draft,BAL,$2.3M,gunnar henderson
23,1.0,Mick Abel,PHI,SP,MLB,,55,2024,High,21.0,"6' 6""",190,R,R,,Jesuit HS (OR),,,2020.0,Draft,PHI,$4.1M,mick abel
24,2.0,MJ Melendez,KCR,C,MLB,,55,2022,High,23.7,"6' 1""",220,L,R,,Westminster Christian HS (FL),,,2017.0,Draft,KCR,$2.1M,mj melendez
25,2.0,Henry Davis,PIT,C,MLB,,55,2024,Med,22.9,"6' 2""",225,R,R,,Louisville,,,2021.0,Draft,PIT,$6.5M,henry davis
26,1.0,Jeremy Peña,HOU,SS,MLB,,55,2022,Low,24.9,"6' 0""",202,R,R,,Maine,,,2018.0,Draft,HOU,$535k,jeremy peña
27,2.0,Alek Thomas,ARI,LF,MLB,,55,2022,Med,22.3,"5' 11""",175,L,L,,Mount Carmel HS (IL),,,2018.0,Draft,ARI,$1.2M,alek thomas
28,1.0,Cade Cavalli,WSN,SP,MLB,,55,2023,High,24.0,"6' 4""",240,R,R,,Oklahoma,,,2020.0,Draft,WSN,$3.0M,cade cavalli
29,2.0,Jack Leiter,TEX,SP,MLB,,55,2023,Med,22.3,"6' 1""",205,R,R,,Vanderbilt,,,2021.0,Draft,TEX,$7.9M,jack leiter
30,4.0,DL Hall,BAL,SP,MLB,,55,2022,High,23.9,"6' 0""",195,L,L,,Valdosta HS (GA),,,2017.0,Draft,BAL,$3.0M,dl hall
31,3.0,George Kirby,SEA,SP,MLB,,55,2022,Low,24.5,"6' 4""",215,R,R,,Elon,,,2019.0,Draft,SEA,$3.2M,george kirby
32,2.0,Luis Campusano,SDP,C,MLB,,55,2022,High,23.8,"6' 0""",232,R,R,,Cross Creek HS (GA),,,2017.0,Draft,SDP,$1.3M,luis campusano
33,3.0,Nick Yorke,BOS,2B,MLB,,55,2025,Low,20.3,"6' 0""",200,R,R,,Archbishop Mitty HS (CA),,,2020.0,Draft,BOS,$2.7M,nick yorke
34,1.0,Hunter Greene,CIN,SP,MLB,,55,2022,High,23.0,"6' 5""",230,R,R,,Notre Dame HS (CA),,,2017.0,Draft,CIN,$7.2M,hunter greene
35,1.0,Brennen Davis,CHC,RF,AAA,,55,2024,Med,22.7,"6' 4""",210,R,R,,Basha HS (AZ),,,2018.0,Draft,CHC,$1.1M,brennen davis
36,2.0,Bryson Stott,PHI,SS,MLB,,50,2023,Low,24.8,"6' 3""",200,L,R,,UNLV,,,2019.0,Draft,PHI,$3.9M,bryson stott
37,1.0,Michael Harris II,ATL,CF,MLB,,50,2022,High,21.4,"6' 0""",190,L,L,,Stockbridge HS (GA),,,2019.0,Draft,ATL,$548k,michael harris ii
38,2.0,Luis Matos,SFG,CF,MLB,,50,2024,High,20.5,"5' 11""",180,R,R,,Venezuela,,,2018.0,J2,SFG,$725k,luis matos
39,1.0,Diego Cartaya,LAD,C,A+,,50,2024,High,20.9,"6' 3""",219,R,R,,Venezuela,,,2018.0,J2,LAD,$2.5M,diego cartaya
40,3.0,Kyle Harrison,SFG,SP,MLB,,50,2025,High,21.0,"6' 2""",215,R,L,,De La Salle HS (CA),,,2020.0,Draft,SFG,$2.5M,kyle harrison
41,2.0,Iván Herrera,STL,C,MLB,,50,2023,Med,22.2,"6' 0""",220,R,R,,Panama,,,2016.0,J2,STL,$200k,iván herrera
42,2.0,Oswald Peraza,NYY,SS,MLB,,50,2022,Low,22.1,"6' 0""",176,R,R,,Venezuela,,,2016.0,J2,NYY,$175k,oswald peraza
43,5.0,Colton Cowser,BAL,CF,MLB,,50,2024,Low,22.4,"6' 3""",195,L,R,,Sam Houston State,,,2021.0,Draft,BAL,$4.9M,colton cowser
44,3.0,Roansy Contreras,PIT,SP,,,50,2022,Low,22.7,"6' 0""",200,R,R,,Dominican Republic,,,2016.0,J2,NYY,$250k,roansy contreras
45,3.0,Ken Waldichuk,NYY,SP,MLB,,50,2023,Med,24.6,"6' 4""",220,L,L,,St. Mary's,,,2019.0,Draft,NYY,$307k,ken waldichuk
46,1.0,Ezequiel Tovar,COL,SS,MLB,,50,2023,Low,21.0,"6' 0""",162,R,R,,Venezuela,,,2017.0,J2,COL,$800k,ezequiel tovar
47,1.0,Reid Detmers,LAA,SP,MLB,,50,2022,Low,23.1,"6' 2""",210,L,L,,Louisville,,,2020.0,Draft,LAA,$4.7M,reid detmers
48,2.0,Brayan Rocchio,CLE,SS,MLB,,50,2023,Med,21.6,"5' 10""",175,S,R,,Venezuela,,,2017.0,J2,CLE,$125k,brayan rocchio
49,2.0,Pete Crow-Armstrong,CHC,CF,MLB,,50,2025,Med,20.4,"6' 1""",180,L,L,,Harvard Westlake HS (CA),,,2020.0,Draft,NYM,$3.4M,pete crow-armstrong
50,2.0,Brett Baty,NYM,3B,MLB,,55,2023,High,22.7,"6' 3""",225,L,R,,Lake Travis HS (TX),,,2019.0,Draft,NYM,$3.9M,brett baty
1,1.0,Gunnar Henderson,BAL,SS,MLB,,65,2023,Med,22.1,"6' 2""",210,L,R,,Morgan Academy HS (AL),,,2019.0,Draft,BAL,$2.3M,gunnar henderson
2,1.0,Corbin Carroll,ARI,LF,MLB,,65,2023,Med,22.9,"5' 10""",165,L,L,,Lakeside HS (WA),,,2019.0,Draft,ARI,$3.7M,corbin carroll
3,1.0,Eury Pérez,MIA,SP,MLB,,60,2023,High,20.3,"6' 9""",220,R,R,,Dominican Republic,,,2019.0,J2,MIA,$200k,eury pérez
4,1.0,Elly De La Cruz,CIN,SS,MLB,,60,2024,High,21.6,"6' 5""",200,S,R,,Dominican Republic,,,2018.0,J2,CIN,$65k,elly de la cruz
5,2.0,Jackson Holliday,BAL,SS,A+,,60,2024,Med,19.7,"6' 1""",180,L,R,,Stillwater HS (OK),,,2022.0,Draft,BAL,$8.2M,jackson holliday
6,1.0,James Wood,WSN,CF,MLB,,60,2025,High,20.9,"6' 7""",240,L,L,,IMG Academy,,,2021.0,Draft,SDP,$2.6M,james wood
7,1.0,Jackson Merrill,SDP,SS,MLB,,60,2025,Low,20.3,"6' 3""",195,L,R,,Severna HS (MD),,,2021.0,Draft,SDP,$1.8M,jackson merrill
8,1.0,Jackson Chourio,MIL,CF,MLB,,60,2024,High,19.4,"6' 1""",165,R,R,,Venezuela,,,2021.0,J2,MIL,$1.9M,jackson chourio
9,1.0,Anthony Volpe,NYY,2B,AA,,60,2023,Med,22.3,"5' 11""",180,R,R,,Delbarton HS (NJ),,,2019.0,Draft,NYY,$2.7M,anthony volpe
10,1.0,Francisco Alvarez,NYM,C,MLB,,60,2023,High,21.7,"5' 10""",233,R,R,,Venezuela,,,2018.0,J2,NYM,$2.7M,francisco alvarez
11,1.0,Jordan Walker,STL,RF,MLB,,60,2023,High,21.2,"6' 5""",250,R,R,,Decatur HS (GA),,,2020.0,Draft,STL,$2.9M,jordan walker
12,1.0,Adael Amador,COL,2B,AAA,,60,2025,Med,20.3,"6' 0""",175,S,R,,Dominican Republic,,,2019.0,J2,COL,$1.5M,adael amador
13,2.0,Druw Jones,ARI,CF,AA,,60,2026,High,19.7,"6' 4""",180,R,R,,Wesleyan HS (GA),,,2022.0,Draft,ARI,$8.2M,druw jones
14,1.0,Andrew Painter,PHI,SP,MLB,,60,2023,High,20.3,"6' 7""",215,R,R,,Calvary Christian HS,,,2021.0,Draft,PHI,$3.9M,andrew painter
15,1.0,Marcelo Mayer,BOS,SS,MLB,,55,2025,High,20.6,"6' 3""",188,L,R,,Eastlake HS (CA),,,2021.0,Draft,BOS,$6.7M,marcelo mayer
16,1.0,Brooks Lee,MIN,SS,MLB,,55,2024,Med,22.5,"6' 2""",205,S,R,,Cal Poly,,,2022.0,Draft,MIN,$5.7M,brooks lee
17,1.0,Endy Rodríguez,PIT,C,AAA,,55,2023,Low,23.2,"6' 0""",170,S,R,,Dominican Republic,,,2018.0,J2,NYM,$10k,endy rodríguez
18,1.0,Luis Matos,SFG,CF,MLB,,55,2023,High,21.5,"5' 11""",180,R,R,,Venezuela,,,2018.0,J2,SFG,$725k,luis matos
19,2.0,Brett Baty,NYM,3B,MLB,,55,2023,High,23.7,"6' 3""",225,L,R,,Lake Travis HS (TX),,,2019.0,Draft,NYM,$3.9M,brett baty
20,1.0,Josh Jung,TEX,3B,MLB,,55,2023,Low,25.5,"6' 2""",215,R,R,,Texas Tech,,,2019.0,Draft,TEX,$4.4M,josh jung
21,3.0,Jordan Lawlar,ARI,SS,MLB,,55,2024,Med,21.0,"6' 2""",190,R,R,,Jesuit Prep HS,,,2021.0,Draft,ARI,$6.7M,jordan lawlar
22,1.0,Diego Cartaya,LAD,C,A+,,55,2024,High,21.9,"6' 3""",219,R,R,,Venezuela,,,2018.0,J2,LAD,$2.5M,diego cartaya
23,4.0,Brandon Pfaadt,ARI,SP,MLB,,55,2023,Med,24.8,"6' 4""",220,R,R,,Bellarmine,,,2020.0,Draft,ARI,$100k,brandon pfaadt
24,3.0,Grayson Rodriguez,BAL,SP,MLB,,55,2023,Med,23.7,"6' 5""",220,L,R,,Central Heights HS (TX),,,2018.0,Draft,BAL,$4.3M,grayson rodriguez
25,1.0,Ricky Tiedemann,TOR,SP,AAA,,55,2024,High,20.9,"6' 4""",200,L,L,,Golden West College,,,2021.0,Draft,TOR,$645k,ricky tiedemann
26,2.0,Mick Abel,PHI,SP,MLB,,55,2024,High,21.9,"6' 5""",190,R,R,,Jesuit HS (OR),,,2020.0,Draft,PHI,$4.1M,mick abel
27,2.0,Kyle Harrison,SFG,SP,MLB,,55,2024,High,22.0,"6' 2""",200,R,L,,De La Salle HS (CA),,,2020.0,Draft,SFG,$2.5M,kyle harrison
28,1.0,Curtis Mead,TBR,LF,MLB,,55,2023,Med,22.8,"6' 2""",180,R,R,,Australia,,,2017.0,J2,PHI,$200k,curtis mead
29,3.0,Triston Casas,BOS,1B,MLB,,55,2023,Low,23.5,"6' 4""",252,L,R,,American Heritage HS (FL),,,2018.0,Draft,BOS,$2.6M,triston casas
30,1.0,Tyler Soderstrom,OAK,1B,MLB,,55,2024,Med,21.7,"6' 1""",205,L,R,,Turlock HS (CA),,,2020.0,Draft,OAK,$3.3M,tyler soderstrom
31,1.0,Pete Crow-Armstrong,CHC,CF,MLB,,55,2024,Med,21.3,"5' 11""",184,L,L,,Harvard Westlake HS (CA),,,2020.0,Draft,NYM,$3.4M,pete crow-armstrong
32,2.0,Bobby Miller,LAD,SP,MLB,,55,2023,Med,24.3,"6' 5""",220,L,R,,Louisville,,,2020.0,Draft,LAD,$2.2M,bobby miller
33,1.0,Hunter Brown,HOU,SP,MLB,,55,2023,High,24.9,"6' 2""",212,R,R,,Wayne State,,,2019.0,Draft,HOU,$325k,hunter brown
34,1.0,Colson Montgomery,CHW,3B,MLB,,55,2024,High,21.4,"6' 4""",205,L,R,,Southridge HS (IN),,,2021.0,Draft,CHW,$3.0M,colson montgomery
35,4.0,Coby Mayo,BAL,RF,MLB,,55,2025,High,21.6,"6' 5""",215,R,R,,Stoneman Douglas HS (FL),,,2020.0,Draft,BAL,$1.8M,coby mayo
36,2.0,Taj Bradley,TBR,SP,MLB,,55,2023,Low,22.4,"6' 2""",190,R,R,,Redan HS (GA),,,2018.0,Draft,TBR,$748k,taj bradley
37,2.0,Henry Davis,PIT,C,MLB,,55,2024,Med,23.9,"6' 2""",225,R,R,,Louisville,,,2021.0,Draft,PIT,$6.5M,henry davis
38,2.0,Ethan Salas,SDP,C,AA,,55,2026,High,17.2,"6' 2""",185,L,R,,Venezuela,,,2023.0,Intl15,SDP,$5.6M,ethan salas
39,3.0,Junior Caminero,TBR,3B,MLB,,55,2025,High,20.1,"6' 3""",215,R,R,,Dominican Republic,,,2019.0,J2,CLE,,junior caminero
40,3.0,Termarr Johnson,PIT,2B,AAA,,55,2027,High,19.1,"5' 8""",175,L,R,,Mays HS (GA),,,2022.0,Draft,PIT,$7.2M,termarr johnson
41,3.0,Dylan Lesko,SDP,SP,A,,55,2026,High,19.9,"6' 2""",195,R,R,,Buford HS (GA),,,2022.0,Draft,SDP,$3.9M,dylan lesko
42,2.0,Miguel Bleis,BOS,CF,AA,,55,2026,High,19.4,"6' 2""",170,R,R,,Dominican Republic,,,2021.0,Intl15,BOS,$1.5M,miguel bleis
43,3.0,Kodai Senga,NYM,SP,MLB,,50,2023,Med,30.5,"6' 1""",202,R,R,,Japan,,,2022.0,Free Agent,NYM,$0,kodai senga
44,2.0,Oswald Peraza,NYY,SS,MLB,,50,2023,Low,23.1,"6' 0""",176,R,R,,Venezuela,,,2016.0,J2,NYY,$175k,oswald peraza
45,2.0,Ezequiel Tovar,COL,SS,MLB,,50,2023,Med,22.0,"6' 0""",170,R,R,,Venezuela,,,2017.0,J2,COL,$800k,ezequiel tovar
46,2.0,Matt McLain,CIN,SS,MLB,,50,2023,Med,24.0,"5' 10""",175,R,R,,UCLA,,,2021.0,Draft,CIN,$4.6M,matt mclain
47,4.0,Kyle Manzardo,TBR,1B,MLB,,50,2024,Low,23.0,"6' 1""",205,L,R,,Washington State,,,2021.0,Draft,TBR,$750k,kyle manzardo
48,1.0,Bo Naylor,CLE,C,MLB,,50,2023,High,23.4,"6' 0""",220,L,R,,St. Joan of Arc HS (CAN),,,2018.0,Draft,CLE,$2.6M,bo naylor
49,3.0,Michael Busch,LAD,DH,MLB,,50,2023,Low,25.7,"6' 0""",207,L,R,,North Carolina,,,2019.0,Draft,LAD,$2.3M,michael busch
50,3.0,Spencer Steer,CIN,3B,MLB,,50,2023,Low,25.6,"5' 11""",210,R,R,,Oregon,,,2019.0,Draft,MIN,$575k,spencer steer
1,1.0,Jackson Holliday,BAL,2B,A+,,70,2025,Med,20.6,"6' 0""",185,L,R,,Stillwater HS (OK),,,2022.0,Draft,BAL,$8.2M,jackson holliday
2,1.0,Wyatt Langford,TEX,LF,MLB,,65,2024,Med,22.7,"6' 1""",225,R,R,,Florida,,,2023.0,Draft,TEX,$8.0M,wyatt langford
3,1.0,James Wood,WSN,CF,MLB,,65,2025,High,21.9,"6' 7""",240,L,L,,IMG Academy,,,2021.0,Draft,SDP,$2.6M,james wood
4,1.0,Paul Skenes,PIT,SP,MLB,,65,2024,Med,22.2,"6' 6""",235,R,R,,LSU,,,2023.0,Draft,PIT,$9.2M,paul skenes
5,1.0,Jackson Chourio,MIL,CF,MLB,,65,2024,Med,20.4,"5' 11""",198,R,R,,Venezuela,,,2021.0,J2,MIL,$1.9M,jackson chourio
6,1.0,Jackson Merrill,SDP,SS,MLB,,60,2024,Low,21.3,"6' 3""",200,L,R,,Severna HS (MD),,,2021.0,Draft,SDP,$1.8M,jackson merrill
7,1.0,Jordan Lawlar,ARI,SS,MLB,,60,2024,Med,22.0,"6' 1""",200,R,R,,Jesuit Prep HS,,,2021.0,Draft,ARI,$6.7M,jordan lawlar
8,1.0,Junior Caminero,TBR,3B,MLB,,60,2024,High,21.1,"6' 1""",235,R,R,,Dominican Republic,,,2019.0,J2,CLE,$225k,junior caminero
9,2.0,Samuel Basallo,BAL,C,MLB,,60,2027,High,19.9,"6' 3""",230,L,R,,Dominican Republic,,,2021.0,Intl15,BAL,$1.3M,samuel basallo
10,2.0,Dylan Crews,WSN,CF,AAA,,60,2025,Med,22.4,"6' 0""",203,R,R,,LSU,,,2023.0,Draft,WSN,$9.0M,dylan crews
11,2.0,Ethan Salas,SDP,C,AA,,60,2026,Med,18.1,"6' 2""",185,L,R,,Venezuela,,,2023.0,Intl15,SDP,$5.6M,ethan salas
12,1.0,Andrew Painter,PHI,SP,MLB,,60,2025,High,21.3,"6' 7""",215,R,R,,Calvary Christian HS,,,2021.0,Draft,PHI,$3.9M,andrew painter
13,2.0,Evan Carter,TEX,LF,MLB,,55,2024,Low,21.9,"6' 2""",190,L,R,,Elizabethton HS (TN),,,2020.0,Draft,TEX,$1.3M,evan carter
14,1.0,Colson Montgomery,CHW,3B,MLB,,55,2025,High,22.4,"6' 3""",220,L,R,,Southridge HS (IN),,,2021.0,Draft,CHW,$3.0M,colson montgomery
15,1.0,Spencer Jones,NYY,CF,AAA,,55,2026,High,23.2,"6' 6""",235,L,L,,Vanderbilt,,,2022.0,Draft,NYY,$2.9M,spencer jones
16,2.0,Carson Williams,TBR,SS,AAA,,55,2026,High,21.1,"6' 1""",180,R,R,,Torrey Pines HS,,,2021.0,Draft,TBR,$2.4M,carson williams
17,2.0,Jared Jones,PIT,SP,MLB,,55,2024,High,23.0,"6' 1""",190,R,R,,La Mirada HS (CA),,,2020.0,Draft,PIT,$2.2M,jared jones
18,1.0,Jackson Jobe,DET,SP,MLB,,55,2025,Med,22.0,"6' 2""",210,R,R,,Heritage Hall HS,,,2021.0,Draft,DET,$6.9M,jackson jobe
19,1.0,Rhett Lowder,CIN,SP,MLB,,55,2024,Low,22.4,"6' 2""",200,R,R,,Wake Forest,,,2023.0,Draft,CIN,$5.7M,rhett lowder
20,1.0,Pete Crow-Armstrong,CHC,CF,MLB,,55,2024,Med,22.3,"5' 11""",184,L,L,,Harvard Westlake HS (CA),,,2020.0,Draft,NYM,$3.4M,pete crow-armstrong
21,3.0,Coby Mayo,BAL,RF,MLB,,55,2025,High,22.6,"6' 5""",230,R,R,,Stoneman Douglas HS (FL),,,2020.0,Draft,BAL,$1.8M,coby mayo
22,3.0,Xavier Isaac,TBR,1B,AA,,55,2026,High,20.6,"6' 3""",240,L,L,,East Forsyth HS (NC),,,2022.0,Draft,TBR,$2.5M,xavier isaac
23,1.0,Masyn Winn,STL,SS,MLB,,55,2024,Med,22.3,"5' 11""",185,R,R,,Kingwood HS (TX),,,2020.0,Draft,STL,$2.1M,masyn winn
24,1.0,Kyle Harrison,SFG,SP,MLB,,55,2024,High,23.0,"6' 2""",230,R,L,,De La Salle HS (CA),,,2020.0,Draft,SFG,$2.5M,kyle harrison
25,1.0,AJ Smith-Shawver,ATL,SP,MLB,,55,2024,High,21.7,"6' 3""",205,R,R,,Colleyville Heritage HS (TX),,,2021.0,Draft,ATL,$998k,aj smith-shawver
26,4.0,Heston Kjerstad,BAL,RF,MLB,,55,2024,Med,25.5,"6' 3""",220,S,R,,Arkansas,,,2020.0,Draft,BAL,$5.2M,heston kjerstad
27,1.0,Roman Anthony,BOS,RF,MLB,,55,2026,High,20.2,"6' 2""",205,L,R,,Stoneman Douglas HS (FL),,,2022.0,Draft,BOS,$2.5M,roman anthony
28,1.0,Chase DeLauter,CLE,RF,MLB,,55,2024,Med,22.8,"6' 4""",235,L,L,,James Madison,,,2022.0,Draft,CLE,$3.8M,chase delauter
29,1.0,Josue De Paula,LAD,LF,AA,,55,2026,Med,19.2,"6' 3""",210,L,L,,Dominican Republic,,,2022.0,Intl15,LAD,$400k,josue de paula
30,1.0,Walker Jenkins,MIN,LF,AAA,,55,2026,Med,19.4,"6' 3""",215,L,R,,South Brunswick HS (NC),,,2023.0,Draft,MIN,$7.1M,walker jenkins
31,2.0,Cade Horton,CHC,SP,MLB,,55,2025,High,22.9,"6' 1""",211,R,R,,Oklahoma,,,2022.0,Draft,CHC,$4.5M,cade horton
32,4.0,Curtis Mead,TBR,3B,MLB,,55,2024,Med,23.7,"6' 2""",190,R,R,,Australia,,,2017.0,J2,PHI,$200k,curtis mead
33,3.0,Matt Shaw,CHC,3B,MLB,,55,2025,High,22.7,"5' 11""",185,R,R,,Maryland,,,2023.0,Draft,CHC,$4.9M,matt shaw
34,2.0,River Ryan,LAD,SP,AAA,,55,2025,Med,25.9,"6' 2""",195,R,R,,UNC Pembroke,,,2021.0,Draft,SDP,$100k,river ryan
35,1.0,Ricky Tiedemann,TOR,SP,AAA,,55,2024,High,21.9,"6' 4""",220,L,L,,Golden West College,,,2021.0,Draft,TOR,$645k,ricky tiedemann
36,4.0,Kevin Alcántara,CHC,CF,AAA,,50,2024,High,22.0,"6' 6""",188,R,R,,Dominican Republic,,,2018.0,J2,NYY,$1.0M,kevin alcántara
37,2.0,Emmanuel Rodriguez,MIN,CF,AAA,,50,2025,Med,21.4,"5' 10""",215,L,L,,Dominican Republic,,,2019.0,J2,MIN,$2.5M,emmanuel rodriguez
38,1.0,Mason Miller,OAK,SIRP,MLB,,50,2024,High,25.9,"6' 5""",200,R,R,,Gardner-Webb,,,2021.0,Draft,OAK,$599k,mason miller
39,2.0,Jacob Misiorowski,MIL,SP,MLB,,50,2026,High,22.3,"6' 7""",190,R,R,,Crowder College,,,2022.0,Draft,MIL,$2.4M,jacob misiorowski
40,2.0,Noah Schultz,CHW,SP,MLB,,50,2027,High,21.0,"6' 9""",220,L,L,,Oswego East HS (IL),,,2022.0,Draft,CHW,$2.8M,noah schultz
41,3.0,Jeferson Quero,MIL,C,AAA,,50,2024,High,21.8,"5' 11""",215,R,R,,Venezuela,,,2019.0,J2,MIL,$200k,jeferson quero
42,4.0,Joey Ortiz,MIL,2B,MLB,,50,2024,Low,26.0,"5' 9""",190,R,R,,New Mexico State,,,2019.0,Draft,BAL,$450k,joey ortiz
43,2.0,Marcelo Mayer,BOS,SS,MLB,,50,2026,High,21.6,"6' 2""",210,L,R,,Eastlake HS (CA),,,2021.0,Draft,BOS,$6.7M,marcelo mayer
44,2.0,Max Clark,DET,CF,AAA,,50,2027,Med,19.6,"6' 1""",205,L,L,,Franklin HS (IN),,,2023.0,Draft,DET,$7.7M,max clark
45,3.0,Termarr Johnson,PIT,2B,AAA,,50,2027,High,20.1,"5' 8""",175,L,R,,Mays HS (GA),,,2022.0,Draft,PIT,$7.2M,termarr johnson
46,3.0,Leodalis De Vries,SDP,SS,AA,,50,2030,High,17.8,"6' 2""",200,S,R,,Dominican Republic,,,2024.0,Intl15,SDP,$4.2M,leodalis de vries
47,1.0,Christian Scott,NYM,SP,AAA,,50,2024,Med,25.1,"6' 4""",215,R,R,,Florida,,,2021.0,Draft,NYM,$350k,christian scott
48,5.0,Jordan Wicks,CHC,SP,AAA,,50,2024,Low,24.9,"6' 3""",220,L,L,,Kansas State,,,2021.0,Draft,CHC,$3.1M,jordan wicks
49,3.0,Brooks Lee,MIN,SS,MLB,,50,2024,Med,23.4,"5' 11""",220,S,R,,Cal Poly,,,2022.0,Draft,MIN,$5.7M,brooks lee
50,3.0,Colt Keith,DET,2B,MLB,,50,2024,Med,22.9,"6' 2""",245,L,R,,Biloxi HS (MS),,,2020.0,Draft,DET,$500k,colt keith
1,1.0,Roki Sasaki,LAD,SP,MLB,,65,2025,High,23.4,"6' 3""",203,R,R,,Japan,,,2025.0,Intl15,LAD,$6.5M,roki sasaki
2,1.0,Roman Anthony,BOS,LF,MLB,,60,2025,Med,20.9,"6' 3""",220,L,R,,Stoneman Douglas HS (FL),,,2022.0,Draft,BOS,$2.5M,roman anthony
3,1.0,Dylan Crews,WSN,CF,AAA,,60,2025,Med,23.1,"6' 0""",203,R,R,,LSU,,,2023.0,Draft,WSN,$9.0M,dylan crews
4,1.0,Sebastian Walcott,TEX,SS,AA,,60,2027,High,19.0,"6' 4""",190,R,R,,Bahamas,,,2023.0,Intl15,TEX,$3.2M,sebastian walcott
5,1.0,Samuel Basallo,BAL,C,MLB,,60,2026,High,20.6,"6' 3""",230,L,R,,Dominican Republic,,,2021.0,Intl15,BAL,$1.3M,samuel basallo
6,1.0,Andrew Painter,PHI,SP,MLB,,60,2025,High,22.0,"6' 7""",225,R,R,,Calvary Christian HS,,,2021.0,Draft,PHI,$3.9M,andrew painter
7,2.0,Kristian Campbell,BOS,2B,AAA,,60,2025,High,22.8,"6' 3""",203,R,R,,Georgia Tech,,,2023.0,Draft,BOS,$493k,kristian campbell
8,2.0,Dalton Rushing,LAD,C,MLB,,60,2025,Low,24.1,"6' 1""",220,L,R,,Louisville,,,2022.0,Draft,LAD,$2.0M,dalton rushing
9,1.0,Jackson Jobe,DET,SP,MLB,,60,2025,Med,22.7,"6' 2""",210,R,R,,Heritage Hall HS,,,2021.0,Draft,DET,$6.9M,jackson jobe
10,1.0,Jesús Made,MIL,SS,AA,,60,2028,Med,17.9,"6' 1""",170,S,R,,Dominican Republic,,,2024.0,Intl15,MIL,$950k,jesús made
11,1.0,Drake Baldwin,ATL,C,MLB,,55,2025,Med,24.0,"6' 1""",230,L,R,,Missouri State,,,2022.0,Draft,ATL,$633k,drake baldwin
12,1.0,Chase Dollander,COL,SP,MLB,,55,2026,Med,23.4,"6' 3""",192,R,R,,Tennessee,,,2023.0,Draft,COL,$5.7M,chase dollander
13,1.0,Bubba Chandler,PIT,SP,MLB,,55,2025,High,22.5,"6' 2""",200,S,R,,North Oconee HS,,,2021.0,Draft,PIT,$3.0M,bubba chandler
14,3.0,Marcelo Mayer,BOS,SS,MLB,,55,2025,High,22.3,"6' 2""",215,L,R,,Eastlake HS (CA),,,2021.0,Draft,BOS,$6.7M,marcelo mayer
15,1.0,Carson Williams,TBR,SS,AAA,,55,2026,High,21.8,"6' 1""",180,R,R,,Torrey Pines HS,,,2021.0,Draft,TBR,$2.4M,carson williams
16,1.0,Nick Kurtz,ATH,1B,MLB,,55,2025,Med,22.1,"6' 5""",235,L,L,,Wake Forest,,,2024.0,Draft,OAK,$7.0M,nick kurtz
17,1.0,Bryce Eldridge,SFG,1B,AAA,,55,2026,High,20.4,"6' 7""",225,L,R,,James Madison HS (VA),,,2023.0,Draft,SFG,$4.0M,bryce eldridge
18,1.0,Jac Caglianone,KCR,RF,MLB,,55,2026,High,22.1,"6' 5""",250,L,L,,Florida,,,2024.0,Draft,KCR,$7.5M,jac caglianone
19,1.0,Chase Burns,CIN,SP,MLB,,55,2025,High,22.2,"6' 4""",215,R,R,,Wake Forest,,,2024.0,Draft,CIN,$9.3M,chase burns
20,2.0,Jacob Misiorowski,MIL,SP,MLB,,55,2026,High,23.0,"6' 7""",190,R,R,,Crowder College,,,2022.0,Draft,MIL,$2.4M,jacob misiorowski
21,1.0,Jasson Domínguez,NYY,LF,AAA,,55,2025,Med,22.2,"5' 9""",210,S,R,,Dominican Republic,,,2019.0,J2,NYY,$5.1M,jasson domínguez
22,1.0,Matt Shaw,CHC,3B,MLB,,55,2025,High,23.4,"5' 11""",185,R,R,,Maryland,,,2023.0,Draft,CHC,$4.9M,matt shaw
23,2.0,Aidan Miller,PHI,SS,AAA,,55,2026,High,20.8,"6' 2""",210,R,R,,JW Mitchell HS (FL),,,2023.0,Draft,PHI,$3.1M,aidan miller
24,1.0,Walker Jenkins,MIN,LF,AAA,,55,2026,Med,20.1,"6' 3""",215,L,R,,South Brunswick HS (NC),,,2023.0,Draft,MIN,$7.1M,walker jenkins
25,2.0,Alfredo Duno,CIN,C,A+,,55,2028,High,19.2,"6' 2""",235,R,R,,Venezuela,,,2023.0,Intl15,CIN,$3.1M,alfredo duno
26,1.0,Noah Schultz,CHW,SP,MLB,,55,2026,High,21.7,"6' 10""",220,L,L,,Oswego East HS (IL),,,2022.0,Draft,CHW,$2.8M,noah schultz
27,1.0,Jordan Lawlar,ARI,SS,MLB,,55,2025,Med,22.7,"6' 1""",200,R,R,,Jesuit Prep HS,,,2021.0,Draft,ARI,$6.7M,jordan lawlar
28,1.0,Ethan Salas,SDP,C,AA,,55,2026,Med,18.8,"6' 2""",200,L,R,,Venezuela,,,2023.0,Intl15,SDP,$5.6M,ethan salas
28,2.0,Travis Sykora,WSN,SP,AA,,55,2026,Med,20.9,"6' 6""",220,R,R,,Round Rock HS (TX),,,2023.0,Draft,WSN,$2.6M,travis sykora
29,3.0,Jarlin Susana,WSN,SP,AA,,55,2027,High,21.0,"6' 6""",235,R,R,,Dominican Republic,,,2022.0,Intl15,SDP,$1.7M,jarlin susana
30,1.0,Angel Genao,CLE,SS,AA,,50,2027,High,20.9,"6' 0""",195,S,R,,Dominican Republic,,,2021.0,Intl15,CLE,$1.2M,angel genao
31,2.0,Max Clark,DET,CF,AAA,,50,2027,Med,20.3,"6' 1""",205,L,L,,Franklin HS (IN),,,2023.0,Draft,DET,$7.7M,max clark
32,2.0,Jacob Wilson,ATH,SS,MLB,,50,2025,Med,23.0,"6' 3""",190,R,R,,Grand Canyon,,,2023.0,Draft,OAK,$5.5M,jacob wilson
33,1.0,Colt Emerson,SEA,SS,AAA,,50,2027,Med,19.7,"6' 1""",195,R,R,,John Glenn HS (OH),,,2023.0,Draft,SEA,$3.8M,colt emerson
34,1.0,JJ Wetherholt,STL,2B,MLB,,50,2026,Low,22.6,"5' 11""",185,L,R,,West Virginia,,,2024.0,Draft,STL,$6.9M,jj wetherholt
35,3.0,Kevin McGonigle,DET,SS,MLB,,50,2026,Low,20.6,"5' 10""",187,L,R,,Monsignor Bonner HS (PA),,,2023.0,Draft,DET,$2.9M,kevin mcgonigle
36,2.0,Cole Young,SEA,2B,MLB,,50,2025,Low,21.7,"6' 0""",215,L,R,,North Allegheny HS (PA),,,2022.0,Draft,SEA,$3.3M,cole young
37,4.0,Franklin Arias,BOS,SS,AA,,50,2028,Med,19.4,"5' 11""",170,R,R,,Dominican Republic,,,2023.0,Intl15,BOS,$525k,franklin arias
38,2.0,Leo De Vries,SDP,SS,AA,,50,2027,High,18.5,"6' 2""",200,S,R,,Dominican Republic,,,2024.0,Intl15,SDP,$4.2M,leo de vries
39,2.0,George Lombard Jr.,NYY,SS,AA,,50,2027,High,19.8,"6' 2""",175,R,R,,Gulliver Schools (FL),,,2023.0,Draft,NYY,$3.3M,george lombard jr.
40,2.0,Travis Bazzana,CLE,2B,AAA,,50,2026,Low,22.6,"6' 0""",199,L,R,,Oregon State,,,2024.0,Draft,CLE,$9.0M,travis bazzana
41,3.0,Chase DeLauter,CLE,RF,MLB,,50,2025,Med,23.5,"6' 4""",235,L,L,,James Madison,,,2022.0,Draft,CLE,$3.8M,chase delauter
42,2.0,Emmanuel Rodriguez,MIN,CF,AAA,,50,2025,Med,22.1,"5' 10""",215,L,L,,Dominican Republic,,,2019.0,J2,MIN,$2.5M,emmanuel rodriguez
43,1.0,Agustín Ramírez,MIA,C,MLB,,50,2025,High,23.6,"6' 0""",225,R,R,,Dominican Republic,,,2018.0,J2,NYY,$400k,agustín ramírez
44,2.0,Adrian Del Castillo,ARI,C,MLB,,50,2025,Med,25.5,"5' 9""",208,L,R,,Miami,,,2021.0,Draft,ARI,$1.0M,adrian del castillo
45,4.0,Thayron Liranzo,DET,C,A,,50,2027,High,21.7,"6' 3""",230,S,R,,Dominican Republic,,,2021.0,Intl15,LAD,$30k,thayron liranzo
46,2.0,Kevin Alcántara,CHC,CF,AAA,,50,2025,High,22.7,"6' 6""",188,R,R,,Dominican Republic,,,2018.0,J2,NYY,$1.0M,kevin alcántara
47,1.0,Cam Smith,HOU,3B,MLB,,50,2025,Low,22.1,"6' 3""",225,R,R,,Florida State,,,2024.0,Draft,CHC,$5.1M,cam smith
48,2.0,AJ Smith-Shawver,ATL,SP,MLB,,50,2025,High,22.4,"6' 3""",205,R,R,,Colleyville Heritage HS (TX),,,2021.0,Draft,ATL,$998k,aj smith-shawver
49,2.0,Quinn Mathews,STL,SP,AAA,,50,2025,Low,24.5,"6' 5""",188,L,L,,Stanford,,,2023.0,Draft,STL,$600k,quinn mathews
1,,Konnor Griffin,PIT,SS,MLB,,70,2026,High,20.0,"6' 4""",225,R,R,,Jackson Prep (MS),,,2024.0,Draft,PIT,$6.5M,konnor griffin
2,1.0,Jesús Made,MIL,SS,AA,,65,2027,Med,18.9,"6' 1""",180,S,R,,Dominican Republic,,,2024.0,Intl15,MIL,$950k,jesús made
3,1.0,Nolan McLean,NYM,SP,MLB,,65,2026,Med,24.7,"6' 3""",205,R,R,,Oklahoma State,,,2023.0,Draft,NYM,$748k,nolan mclean
4,,Samuel Basallo,BAL,C,MLB,,65,2026,High,21.7,"6' 3""",240,L,R,,Dominican Republic,,,2021.0,Intl15,BAL,$1.3M,samuel basallo
5,1.0,Kevin McGonigle,DET,3B,MLB,,60,2026,Low,21.7,"5' 10""",187,L,R,,Monsignor Bonner HS (PA),,,2023.0,Draft,DET,$2.9M,kevin mcgonigle
6,1.0,Leo De Vries,ATH,SS,AA,,60,2026,High,19.5,"6' 2""",210,S,R,,Dominican Republic,,,2024.0,Intl15,SDP,$4.2M,leo de vries
7,2.0,Max Clark,DET,CF,AAA,,60,2027,Med,21.3,"6' 1""",205,L,L,,Franklin HS (IN),,,2023.0,Draft,DET,$7.7M,max clark
8,1.0,Trey Yesavage,TOR,SP,AAA,,60,2026,Med,22.7,"6' 4""",225,R,R,,East Carolina,,,2024.0,Draft,TOR,$4.2M,trey yesavage
9,,Thomas White,MIA,SP,AAA,,60,2027,High,21.5,"6' 5""",210,L,L,,Phillips Academy (MA),,,2023.0,Draft,MIA,$4.1M,thomas white
10,,Bubba Chandler,PIT,SP,MLB,,60,2026,High,23.6,"6' 2""",200,S,R,,North Oconee HS,,,2021.0,Draft,PIT,$3.0M,bubba chandler
11,1.0,Colt Emerson,SEA,SS,AAA,,55,2026,Low,20.7,"6' 1""",205,L,R,,John Glenn HS (OH),,,2023.0,Draft,SEA,$3.8M,colt emerson
12,1.0,JJ Wetherholt,STL,2B,MLB,,55,2026,Low,23.6,"5' 11""",210,L,R,,West Virginia,,,2024.0,Draft,STL,$6.9M,jj wetherholt
13,1.0,Aidan Miller,PHI,SS,AAA,,55,2026,High,21.8,"6' 2""",210,R,R,,JW Mitchell HS (FL),,,2023.0,Draft,PHI,$3.1M,aidan miller
14,,Franklin Arias,BOS,SS,AA,,55,2028,Med,20.4,"5' 11""",170,R,R,,Dominican Republic,,,2023.0,Intl15,BOS,$525k,franklin arias
15,,Eli Willits,WSN,SS,A,,55,2029,Med,18.3,"6' 1""",180,S,R,,Fort Cobb-Broxton HS (OK),,,2025.0,Draft,WSN,$8.2M,eli willits
16,,Bryce Eldridge,SFG,1B,AAA,,55,2026,High,21.5,"6' 7""",235,L,R,,James Madison HS (VA),,,2023.0,Draft,SFG,$4.0M,bryce eldridge
17,1.0,Josue De Paula,LAD,RF,AA,,55,2027,High,20.9,"6' 3""",220,L,L,,Dominican Republic,,,2022.0,Intl15,LAD,$400k,josue de paula
18,,Payton Tolle,BOS,SP,AAA,,55,2026,Med,23.4,"6' 6""",250,L,L,,TCU,,,2024.0,Draft,BOS,$2.0M,payton tolle
19,2.0,Liam Doyle,STL,SP,AA,,55,2027,High,21.9,"6' 2""",235,L,L,,Tennessee,,,2025.0,Draft,STL,$7.3M,liam doyle
20,2.0,Ryan Sloan,SEA,SP,AA,,55,2028,Med,20.2,"6' 5""",220,R,R,,York HS (IL),,,2024.0,Draft,SEA,$3.0M,ryan sloan
21,2.0,Carson Benge,NYM,CF,MLB,,55,2026,Med,23.2,"6' 1""",184,L,R,,Oklahoma State,,,2024.0,Draft,NYM,$4.0M,carson benge
22,1.0,Alfredo Duno,CIN,C,A+,,55,2028,High,20.3,"6' 2""",235,R,R,,Venezuela,,,2023.0,Intl15,CIN,$3.1M,alfredo duno
23,3.0,Bryce Rainer,DET,SS,A,,55,2028,High,20.8,"6' 3""",195,L,R,,Harvard-Westlake (CA),,,2024.0,Draft,DET,$5.8M,bryce rainer
24,2.0,Luis Peña,MIL,SS,A+,,55,2028,High,19.4,"5' 11""",175,R,R,,Dominican Republic,,,2024.0,Intl15,MIL,$800k,luis peña
25,3.0,Rainiel Rodriguez,STL,C,A+,,55,2028,High,19.3,"5' 10""",210,R,R,,Dominican Republic,,,2024.0,Intl15,STL,$300k,rainiel rodriguez
26,1.0,Chase DeLauter,CLE,RF,MLB,,55,2026,Med,24.5,"6' 4""",235,L,L,,James Madison,,,2022.0,Draft,CLE,$3.8M,chase delauter
27,2.0,Andrew Painter,PHI,SP,MLB,,55,2026,High,23.0,"6' 7""",225,R,R,,Calvary Christian HS,,,2021.0,Draft,PHI,$3.9M,andrew painter
28,,Carson Williams,TBR,SS,AAA,,55,2026,High,22.8,"6' 1""",180,R,R,,Torrey Pines HS,,,2021.0,Draft,TBR,$2.4M,carson williams
29,,Jarlin Susana,WSN,SP,AA,,55,2027,High,22.1,"6' 6""",245,R,R,,Dominican Republic,,,2022.0,Intl15,SDP,$1.7M,jarlin susana
30,1.0,Sebastian Walcott,TEX,SS,AA,🩹,55,2028,High,20.1,"6' 4""",195,R,R,,Bahamas,,,2023.0,Intl15,TEX,$3.2M,sebastian walcott
31,,Walker Jenkins,MIN,CF,AAA,,50,2026,Med,21.1,"6' 3""",215,L,R,,South Brunswick HS (NC),,,2023.0,Draft,MIN,$7.1M,walker jenkins
32,,Carter Jensen,KCR,C,MLB,,50,2026,High,22.8,"6' 1""",225,L,R,,Park Hill Senior HS (MO),,,2021.0,Draft,KCR,$1.1M,carter jensen
33,1.0,Caleb Bonemer,CHW,3B,A+,,50,2029,Med,20.5,"6' 1""",205,R,R,,Okemos (MI),,,2024.0,Draft,CHW,$3.0M,caleb bonemer
34,2.0,Sal Stewart,CIN,3B,MLB,,50,2026,Med,22.3,"6' 3""",240,R,R,,Westminster Christian HS (FL),,,2022.0,Draft,CIN,$2.1M,sal stewart
35,1.0,Ryan Waldschmidt,ARI,LF,AAA,,50,2026,Med,23.5,"6' 2""",205,R,R,,Kentucky,,,2024.0,Draft,ARI,$2.9M,ryan waldschmidt
36,2.0,Noah Schultz,CHW,SP,MLB,,50,2027,High,22.7,"6' 10""",220,L,L,,Oswego East HS (IL),,,2022.0,Draft,CHW,$2.8M,noah schultz
37,3.0,Brandon Sproat,MIL,SP,MLB,,50,2026,Med,25.6,"6' 2""",200,R,R,,Florida,,,2023.0,Draft,NYM,$1.5M,brandon sproat
38,,Connelly Early,BOS,SP,MLB,,50,2026,Med,24.0,"6' 3""",190,L,L,,Virginia,,,2023.0,Draft,BOS,$409k,connelly early
39,,Dylan Beavers,BAL,LF,MLB,,50,2026,Med,24.7,"6' 4""",206,L,R,,California,,,2022.0,Draft,BAL,$2.2M,dylan beavers
40,2.0,Ralphy Velazquez,CLE,1B,AA,,50,2027,High,20.9,"6' 3""",230,L,R,,Huntington Beach HS (CA),,,2023.0,Draft,CLE,$2.5M,ralphy velazquez
41,2.0,Zyhir Hope,LAD,RF,AA,,50,2028,High,21.2,"5' 10""",230,L,L,,Colonial Forge HS (VA),,,2023.0,Draft,CHC,$400k,zyhir hope
42,3.0,Angel Genao,CLE,SS,AA,,50,2027,High,21.9,"6' 0""",205,S,R,,Dominican Republic,,,2021.0,Intl15,CLE,$1.2M,angel genao
43,3.0,Eduardo Quintero,LAD,CF,A+,,50,2028,Med,20.6,"6' 0""",190,R,R,,Venezuela,,,2023.0,Intl15,LAD,$298k,eduardo quintero
44,,Josuar Gonzalez,SFG,SS,ST,,50,2031,High,18.5,"5' 10""",170,S,R,,Dominican Republic,,,2025.0,Intl15,SFG,$3.0M,josuar gonzalez
45,,Seth Hernandez,PIT,SP,A,,50,2029,High,19.8,"6' 4""",200,R,R,,Corona HS (CA),,,2025.0,Draft,PIT,$7.3M,seth hernandez
46,,Eduardo Tait,MIN,C,A+,,50,2029,High,19.6,"6' 0""",225,L,R,,Panama,,,2023.0,Intl15,PHI,$8k,eduardo tait
47,1.0,Ethan Holliday,COL,3B,A,,50,2029,High,19.1,"6' 4""",230,L,R,,Stillwater HS (OK),,,2025.0,Draft,COL,$9.0M,ethan holliday
48,2.0,Arjun Nimmala,TOR,SS,A+,,50,2028,High,20.5,"6' 1""",215,R,R,,Strawberry Crest HS (FL),,,2023.0,Draft,TOR,$3.0M,arjun nimmala
49,1.0,George Lombard Jr.,NYY,SS,AA,,50,2027,High,20.9,"6' 2""",215,R,R,,Gulliver Schools (FL),,,2023.0,Draft,NYY,$3.3M,george lombard jr.
50,3.0,Kade Anderson,SEA,SP,AA,,50,2026,Med,21.8,"6' 2""",186,L,L,,LSU,,,2025.0,Draft,SEA,$8.8M,kade anderson
